NAICS,Description,No. of Establishments,Jan-21,Feb-21,Mar-21,Apr-21,May-21,Jun-21,Jul-21,Aug-21,Sep-21,Oct-21,Nov-21,Dec-21,Total Wages,Average Monthly Employment,Average Weekly Wages
10,"Total, All Industries","26,884","318,052","317,333","320,733","328,620","330,962","335,850","333,173","332,905","333,387","339,449","341,412","341,805","$25,394,327,738 ","331,139","$1,475 "
101,Goods-Producing,"3,023","40,185","40,004","40,628","41,767","42,403","43,173","43,803","43,779","43,263","43,781","43,727","43,444","$3,912,172,077 ","42,510","$1,770 "
1011,Natural Resources and Mining,54,984,964,"1,007",993,"1,084","1,164","1,240","1,239","1,213","1,211","1,172","1,174","$49,600,555 ","1,131",$843 
11,"Agriculture, Forestry, Fishing and Hunting",46,940,920,961,939,"1,036","1,110","1,182","1,183","1,154","1,156","1,116","1,119","$45,695,092 ","1,078",$815 
111,Crop production,18,858,838,880,870,963,"1,032","1,094","1,102","1,075","1,079","1,036","1,034","$41,310,889 ",989,$803 
1112,Vegetable and melon farming,5,168,162,181,185,245,271,267,267,240,236,226,213,"$9,263,606 ",222,$802 
11121,Vegetable and melon farming,5,168,162,181,185,245,271,267,267,240,236,226,213,"$9,263,606 ",222,$802 
112,Animal production and aquaculture,9,19,18,19,13,14,17,19,19,18,21,18,19,"$2,032,492 ",28,"$1,396 "
1129,Other animal production,5,14,13,14,12,13,16,13,13,13,16,13,14,"$597,865 ",14,$821 
11292,Horses and other equine production,5,14,13,14,12,13,16,13,13,13,16,13,14,"$597,865 ",14,$821 
115,Agriculture and forestry support activities,16,61,62,60,54,56,59,66,60,59,52,59,64,"$2,314,686 ",59,$754 
1152,Support activities for animal production,12,38,38,38,38,40,41,48,42,41,34,37,43,"$1,239,704 ",40,$596 
11521,Support activities for animal production,12,38,38,38,38,40,41,48,42,41,34,37,43,"$1,239,704 ",40,$596 
1153,Support activities for forestry,4,23,24,22,16,16,18,18,18,18,18,22,21,"$1,074,982 ",20,"$1,034 "
11531,Support activities for forestry,4,23,24,22,16,16,18,18,18,18,18,22,21,"$1,074,982 ",20,"$1,034 "
21,"Mining, Quarrying, and Oil and Gas Extraction",8,44,44,46,54,48,54,58,56,59,55,56,55,"$3,905,463 ",52,"$1,444 "
212,"Mining, except oil and gas",5,42,42,42,44,45,42,44,44,45,43,43,44,"$3,095,410 ",43,"$1,384 "
2123,Nonmetallic mineral mining and quarrying,5,42,42,42,44,45,42,44,44,45,43,43,44,"$3,095,410 ",43,"$1,384 "
21231,Stone mining and quarrying,3,38,37,38,39,39,37,39,39,39,38,38,38,"$2,932,669 ",38,"$1,484 "
22111,Electric power generation,11,293,290,288,292,289,289,290,292,287,294,295,297,"$41,632,791 ",291,"$2,751 "
22112,Electric power transmission and distribution,11,108,107,108,112,113,112,107,105,106,104,105,105,"$34,942,056 ",113,"$5,947 "
22131,Water supply and irrigation systems,11,111,111,109,114,118,124,121,119,115,116,118,109,"$8,110,576 ",115,"$1,356 "
1012,Construction,"2,405","20,871","20,706","21,129","22,113","22,619","23,076","23,453","23,473","23,143","23,547","23,442","23,100","$2,112,145,852 ","22,561","$1,800 "
23,Construction,"2,405","20,871","20,706","21,129","22,113","22,619","23,076","23,453","23,473","23,143","23,547","23,442","23,100","$2,112,145,852 ","22,561","$1,800 "
236,Construction of buildings,659,"3,227","3,213","3,269","3,402","3,456","3,396","3,487","3,450","3,338","3,514","3,497","3,458","$344,574,354 ","3,394","$1,952 "
2361,Residential building construction,553,"1,602","1,597","1,600","1,688","1,723","1,738","1,790","1,775","1,724","1,790","1,798","1,799","$143,171,775 ","1,719","$1,602 "
23611,Residential building construction,553,"1,602","1,597","1,600","1,688","1,723","1,738","1,790","1,775","1,724","1,790","1,798","1,799","$143,171,775 ","1,719","$1,602 "
2362,Nonresidential building construction,106,"1,625","1,616","1,669","1,714","1,733","1,658","1,697","1,675","1,614","1,724","1,699","1,659","$201,402,579 ","1,675","$2,312 "
23621,Industrial building construction,22,442,418,460,507,512,426,439,420,456,487,459,439,"$53,871,324 ",455,"$2,277 "
23622,Commercial building construction,84,"1,183","1,198","1,209","1,207","1,221","1,232","1,258","1,255","1,158","1,237","1,240","1,220","$147,531,255 ","1,220","$2,326 "
237,Heavy and civil engineering construction,120,"3,082","3,032","3,120","3,440","3,553","3,622","3,650","3,615","3,537","3,513","3,447","3,275","$310,970,294 ","3,407","$1,755 "
2371,Utility system construction,31,785,802,817,859,889,888,865,865,852,874,865,800,"$79,074,627 ",847,"$1,795 "
23711,Water and sewer system construction,21,216,219,229,300,332,334,323,337,322,326,317,285,"$34,491,912 ",295,"$2,248 "
23713,Power and communication system construction,8,560,575,581,552,549,546,534,520,521,538,540,507,"$43,644,746 ",544,"$1,543 "
2372,Land subdivision,12,35,33,36,38,38,34,37,38,35,35,36,33,"$3,456,365 ",36,"$1,846 "
23721,Land subdivision,12,35,33,36,38,38,34,37,38,35,35,36,33,"$3,456,365 ",36,"$1,846 "
2373,"Highway, street, and bridge construction",57,"1,922","1,891","1,933","2,133","2,237","2,311","2,346","2,335","2,280","2,261","2,195","2,090","$186,985,291 ","2,161","$1,664 "
23731,"Highway, street, and bridge construction",57,"1,922","1,891","1,933","2,133","2,237","2,311","2,346","2,335","2,280","2,261","2,195","2,090","$186,985,291 ","2,161","$1,664 "
2379,Other heavy construction,20,340,306,334,410,389,389,402,377,370,343,351,352,"$41,454,010 ",364,"$2,190 "
23799,Other heavy construction,20,340,306,334,410,389,389,402,377,370,343,351,352,"$41,454,010 ",364,"$2,190 "
238,Specialty trade contractors,"1,626","14,562","14,461","14,740","15,271","15,610","16,058","16,316","16,408","16,268","16,520","16,498","16,367","$1,456,601,204 ","15,759","$1,777 "
2381,Building foundation and exterior contractors,237,"1,702","1,626","1,751","1,755","1,808","1,844","1,891","1,922","1,911","1,906","1,870","1,814","$144,586,057 ","1,817","$1,530 "
23811,Poured concrete structure contractors,24,268,249,263,266,267,284,295,320,307,287,278,277,"$21,837,791 ",281,"$1,495 "
23812,Steel and precast concrete contractors,11,78,76,74,69,71,73,71,73,71,75,77,79,"$7,293,115 ",74,"$1,895 "
23814,Masonry contractors,81,313,316,350,383,395,383,392,404,402,403,381,362,"$26,755,459 ",374,"$1,376 "
23815,Glass and glazing contractors,8,156,160,148,152,154,159,162,167,148,158,148,132,"$15,592,722 ",154,"$1,947 "
23816,Roofing contractors,55,358,304,376,384,391,389,400,397,409,405,403,384,"$32,300,415 ",383,"$1,622 "
23817,Siding contractors,18,232,229,237,232,251,264,270,273,273,292,288,286,"$21,730,011 ",261,"$1,601 "
23819,Other building exterior contractors,27,150,139,148,145,152,154,158,150,158,145,154,152,"$9,477,480 ",150,"$1,215 "
2382,Building equipment contractors,661,"9,275","9,295","9,317","9,540","9,615","9,796","10,101","10,198","10,143","10,315","10,405","10,456","$978,938,447 ","9,872","$1,907 "
23821,Electrical and wiring contractors,273,"3,786","3,740","3,762","3,741","3,771","3,860","4,054","4,122","4,097","4,222","4,242","4,310","$371,065,556 ","3,976","$1,795 "
23822,Plumbing and HVAC contractors,361,"4,344","4,421","4,442","4,590","4,630","4,710","4,764","4,805","4,768","4,798","4,878","4,867","$452,726,098 ","4,668","$1,865 "
23829,Other building equipment contractors,27,"1,145","1,134","1,113","1,209","1,214","1,226","1,283","1,271","1,278","1,295","1,285","1,279","$155,146,794 ","1,228","$2,430 "
2383,Building finishing contractors,407,"2,119","2,172","2,232","2,295","2,393","2,561","2,506","2,473","2,440","2,466","2,437","2,391","$182,167,219 ","2,372","$1,477 "
23831,Drywall and insulation contractors,65,572,602,583,565,584,618,614,600,630,622,636,647,"$53,814,363 ",607,"$1,705 "
23832,Painting and wall covering contractors,124,404,400,418,469,533,615,569,565,529,546,523,486,"$31,969,633 ",505,"$1,217 "
23833,Flooring contractors,59,178,209,216,228,225,233,230,231,221,224,225,227,"$12,525,577 ",221,"$1,090 "
23834,Tile and terrazzo contractors,23,147,145,148,148,152,154,148,137,137,141,145,154,"$10,340,176 ",146,"$1,362 "
23835,Finish carpentry contractors,107,546,559,583,589,595,615,607,605,590,603,584,571,"$43,881,086 ",585,"$1,443 "
23839,Other building finishing contractors,29,272,257,284,296,304,326,338,335,333,330,324,306,"$29,636,384 ",309,"$1,844 "
2389,Other specialty trade contractors,321,"1,466","1,368","1,440","1,681","1,794","1,857","1,818","1,815","1,774","1,833","1,786","1,706","$150,909,481 ","1,698","$1,709 "
23891,Site preparation contractors,110,784,760,773,821,853,883,884,865,846,866,855,857,"$81,321,015 ",838,"$1,866 "
23899,All other specialty trade contractors,211,682,608,667,860,941,974,934,950,928,967,931,849,"$69,588,466 ",860,"$1,556 "
1013,Manufacturing,564,"18,330","18,334","18,492","18,661","18,700","18,933","19,110","19,067","18,907","19,023","19,113","19,170","$1,750,425,669 ","18,819","$1,789 "
31-33 ,Manufacturing,564,"18,330","18,334","18,492","18,661","18,700","18,933","19,110","19,067","18,907","19,023","19,113","19,170","$1,750,425,669 ","18,819","$1,789 "
DUR   ,Durable Goods Manufacturing,343,"11,257","11,241","11,253","11,331","11,339","11,425","11,550","11,485","11,343","11,463","11,513","11,482","$1,160,802,542 ","11,390","$1,960 "
NONDUR, Non-Durable Goods Manufacturing,221,"7,073","7,093","7,239","7,330","7,361","7,508","7,560","7,582","7,564","7,560","7,600","7,688","$589,623,128 ","7,429","$1,526 "
311,Food manufacturing,71,"2,646","2,677","2,700","2,663","2,659","2,739","2,747","2,732","2,712","2,747","2,769","2,821","$183,411,506 ","2,717","$1,298 "
3113,Sugar and confectionery product manufacturing,7,156,156,157,154,159,165,167,170,180,185,188,191,"$7,101,110 ",169,$808 
31135,Chocolate and confectionery manufacturing,5,37,37,37,37,39,44,38,39,42,41,45,51,"$899,483 ",41,$422 
3118,Bakeries and tortilla manufacturing,37,"1,045","1,073","1,093","1,107","1,102","1,121","1,173","1,153","1,160","1,197","1,211","1,233","$65,600,949 ","1,138","$1,109 "
31181,Bread and bakery product manufacturing,33,811,842,853,863,852,864,911,888,892,928,953,976,"$54,363,854 ",885,"$1,181 "
3119,Other food manufacturing,13,381,378,377,320,305,310,312,314,307,311,310,311,"$20,631,081 ",328,"$1,210 "
31194,Seasoning and dressing manufacturing,3,46,43,43,47,42,46,42,41,41,43,44,42,"$2,776,212 ",43,"$1,242 "
312,Beverage and tobacco product manufacturing,16,655,655,658,700,716,757,796,811,815,838,843,843,"$47,457,873 ",757,"$1,206 "
3121,Beverage manufacturing,16,655,655,658,700,716,757,796,811,815,838,843,843,"$47,457,873 ",757,"$1,206 "
31211,Soft drink and ice manufacturing,4,538,536,532,534,529,527,525,534,535,540,546,535,"$38,988,892 ",534,"$1,404 "
31212,Breweries,10,93,93,98,128,138,180,222,222,238,253,251,264,"$7,273,833 ",182,$769 
313,Textile mills,9,139,138,144,141,140,141,137,139,134,137,134,139,"$12,006,773 ",139,"$1,661 "
3133,Textile and fabric finishing mills,7,100,99,102,101,100,101,97,98,97,97,95,98,"$9,960,798 ",99,"$1,935 "
31331,Textile and fabric finishing mills,4,52,52,54,54,53,53,50,51,52,52,51,53,"$4,470,026 ",52,"$1,653 "
314,Textile product mills,5,36,38,35,45,39,43,42,41,41,40,38,40,"$1,934,913 ",40,$930 
315,Apparel manufacturing,6,41,39,38,24,27,26,26,27,29,27,26,28,"$2,049,881 ",30,"$1,314 "
3152,Cut and sew apparel manufacturing,3,16,16,17,17,19,18,18,19,18,19,18,21,"$1,167,221 ",18,"$1,247 "
31528,Other cut and sew apparel manufacturing,3,16,16,17,17,19,18,18,19,18,19,18,21,"$1,167,221 ",18,"$1,247 "
321,Wood product manufacturing,16,188,190,193,191,191,199,197,196,190,184,182,187,"$11,874,246 ",191,"$1,196 "
3219,Other wood product manufacturing,16,188,190,193,191,191,199,197,196,190,184,182,187,"$11,874,246 ",191,"$1,196 "
32191,Millwork,5,83,85,85,84,81,86,88,89,86,85,86,88,"$6,414,320 ",86,"$1,434 "
32199,All other wood product manufacturing,9,32,34,39,45,50,49,46,45,44,42,41,42,"$2,350,599 ",42,"$1,076 "
322,Paper manufacturing,9,518,516,516,519,517,524,521,520,517,513,516,526,"$53,642,621 ",519,"$1,988 "
3222,Converted paper product manufacturing,7,279,275,274,276,273,279,275,280,282,275,275,281,"$20,929,395 ",277,"$1,453 "
323,Printing and related support activities,66,726,727,730,734,732,740,751,754,763,778,790,796,"$45,336,105 ",752,"$1,159 "
3231,Printing and related support activities,66,726,727,730,734,732,740,751,754,763,778,790,796,"$45,336,105 ",752,"$1,159 "
32311,Printing,61,552,558,558,565,567,572,589,595,603,615,625,626,"$34,797,853 ",585,"$1,144 "
324,Petroleum and coal products manufacturing,5,196,197,218,222,228,232,229,227,231,239,239,229,"$24,705,093 ",224,"$2,121 "
3241,Petroleum and coal products manufacturing,5,196,197,218,222,228,232,229,227,231,239,239,229,"$24,705,093 ",224,"$2,121 "
32412,Asphalt paving and roofing materials mfg.,5,196,197,218,222,228,232,229,227,231,239,239,229,"$24,705,093 ",224,"$2,121 "
325,Chemical manufacturing,22,"1,337","1,319","1,407","1,488","1,500","1,505","1,522","1,546","1,542","1,449","1,451","1,474","$156,392,216 ","1,462","$2,057 "
3251,Basic chemical manufacturing,3,152,147,153,154,152,154,158,161,161,158,161,178,"$17,668,311 ",157,"$2,164 "
3254,Pharmaceutical and medicine manufacturing,7,918,913,995,"1,071","1,085","1,092","1,097","1,124","1,130","1,033","1,033","1,038","$115,654,809 ","1,044","$2,130 "
32541,Pharmaceutical and medicine manufacturing,7,918,913,995,"1,071","1,085","1,092","1,097","1,124","1,130","1,033","1,033","1,038","$115,654,809 ","1,044","$2,130 "
3255,"Paint, coating, and adhesive manufacturing",5,106,100,101,106,107,104,109,109,102,108,106,102,"$9,960,822 ",105,"$1,824 "
32551,Paint and coating manufacturing,3,71,66,66,69,70,69,73,72,70,71,69,65,"$6,274,909 ",69,"$1,749 "
326,Plastics and rubber products manufacturing,11,777,785,791,792,798,794,781,777,772,784,787,785,"$62,505,464 ",785,"$1,531 "
3261,Plastics product manufacturing,9,652,660,665,676,682,680,668,659,649,663,666,664,"$53,051,880 ",665,"$1,534 "
32619,Other plastics product manufacturing,5,156,157,159,159,158,159,152,148,140,153,157,157,"$14,596,111 ",155,"$1,811 "
327,Nonmetallic mineral product manufacturing,20,304,292,305,312,316,313,314,313,309,323,327,325,"$24,436,577 ",313,"$1,501 "
3272,Glass and glass product manufacturing,3,18,16,17,17,18,20,18,18,21,19,22,21,"$1,352,384 ",19,"$1,369 "
32721,Glass and glass product manufacturing,3,18,16,17,17,18,20,18,18,21,19,22,21,"$1,352,384 ",19,"$1,369 "
3273,Cement and concrete product manufacturing,8,186,175,186,195,194,188,191,187,177,190,191,186,"$16,166,607 ",187,"$1,663 "
3279,Other nonmetallic mineral products,8,42,45,44,43,46,48,45,49,49,49,48,49,"$2,731,096 ",46,"$1,142 "
32799,All other nonmetallic mineral products mfg.,8,42,45,44,43,46,48,45,49,49,49,48,49,"$2,731,096 ",46,"$1,142 "
331,Primary metal manufacturing,5,205,198,199,196,198,198,200,202,194,200,201,201,"$12,921,613 ",199,"$1,249 "
332,Fabricated metal product manufacturing,104,"3,562","3,577","3,622","3,614","3,614","3,610","3,669","3,639","3,612","3,649","3,720","3,726","$278,102,492 ","3,635","$1,471 "
3323,Architectural and structural metals mfg.,34,953,951,966,"1,002",995,983,"1,009",997,980,989,"1,032","1,029","$84,488,918 ",991,"$1,640 "
33231,Plate work and fabricated structural products,7,56,54,57,57,57,56,56,58,58,57,56,58,"$3,747,014 ",57,"$1,264 "
33232,Ornamental and architectural metal products,27,897,897,909,945,938,927,953,939,922,932,976,971,"$80,741,904 ",934,"$1,662 "
3324,"Boiler, tank, and shipping container mfg.",4,217,213,216,210,212,214,214,210,212,211,214,219,"$16,904,127 ",214,"$1,519 "
3327,Machine shops and threaded product mfg.,44,"1,433","1,434","1,441","1,433","1,440","1,442","1,458","1,442","1,426","1,439","1,459","1,461","$106,202,137 ","1,442","$1,416 "
33271,Machine shops,40,"1,269","1,269","1,273","1,264","1,272","1,272","1,284","1,264","1,248","1,263","1,281","1,283","$92,538,991 ","1,270","$1,401 "
3328,"Coating, engraving, and heat treating metals",12,218,224,223,216,222,226,229,228,225,234,236,238,"$14,249,896 ",227,"$1,207 "
33281,"Coating, engraving, and heat treating metals",12,218,224,223,216,222,226,229,228,225,234,236,238,"$14,249,896 ",227,"$1,207 "
3329,Other fabricated metal product manufacturing,4,455,462,462,448,445,449,450,444,450,449,450,452,"$39,391,614 ",451,"$1,680 "
33299,All other fabricated metal product mfg.,3,282,280,279,270,266,268,266,261,265,265,262,262,"$20,188,556 ",269,"$1,443 "
333,Machinery manufacturing,28,866,863,858,887,886,872,869,868,865,887,893,891,"$79,094,763 ",875,"$1,738 "
3332,Industrial machinery manufacturing,4,189,185,182,186,189,190,192,186,189,192,199,198,"$22,426,662 ",190,"$2,270 "
33324,Industrial machinery manufacturing,4,189,185,182,186,189,190,192,186,189,192,199,198,"$22,426,662 ",190,"$2,270 "
3333,Commercial and service industry machinery,6,147,148,140,148,152,141,138,136,130,138,139,136,"$12,352,529 ",141,"$1,685 "
33331,Commercial and service industry machinery,6,147,148,140,148,152,141,138,136,130,138,139,136,"$12,352,529 ",141,"$1,685 "
3334,HVAC and commercial refrigeration equipment,3,19,20,22,22,21,21,13,22,21,21,20,22,"$944,920 ",20,$909 
33341,HVAC and commercial refrigeration equipment,3,19,20,22,22,21,21,13,22,21,21,20,22,"$944,920 ",20,$909 
3335,Metalworking machinery manufacturing,6,94,92,96,101,100,99,102,101,104,108,105,105,"$6,400,287 ",100,"$1,231 "
33351,Metalworking machinery manufacturing,6,94,92,96,101,100,99,102,101,104,108,105,105,"$6,400,287 ",100,"$1,231 "
3339,Other general purpose machinery manufacturing,8,408,408,409,420,414,411,414,414,411,418,420,421,"$36,590,757 ",414,"$1,700 "
33399,All other general purpose machinery mfg.,6,375,373,373,382,378,376,380,380,378,384,386,386,"$34,116,972 ",380,"$1,727 "
334,Computer and electronic product manufacturing,54,"3,132","3,116","3,124","3,099","3,101","3,149","3,190","3,175","3,112","3,137","3,134","3,119","$456,072,657 ","3,132","$2,800 "
3342,Communications equipment manufacturing,3,51,52,51,51,50,49,49,48,47,50,51,51,"$8,670,757 ",50,"$3,335 "
3344,Semiconductor and electronic component mfg.,15,722,724,732,729,734,757,755,757,749,729,732,715,"$132,081,200 ",736,"$3,451 "
33441,Semiconductor and electronic component mfg.,15,722,724,732,729,734,757,755,757,749,729,732,715,"$132,081,200 ",736,"$3,451 "
3345,Electronic instrument manufacturing,31,"1,866","1,850","1,854","1,837","1,837","1,866","1,910","1,896","1,851","1,897","1,892","1,894","$218,470,159 ","1,871","$2,246 "
33451,Electronic instrument manufacturing,31,"1,866","1,850","1,854","1,837","1,837","1,866","1,910","1,896","1,851","1,897","1,892","1,894","$218,470,159 ","1,871","$2,246 "
335,Electrical equipment and appliance mfg.,21,524,518,525,523,513,515,516,511,503,509,505,503,"$40,098,697 ",514,"$1,500 "
3353,Electrical equipment manufacturing,10,372,368,373,376,367,369,370,369,361,366,362,359,"$26,590,278 ",368,"$1,390 "
33531,Electrical equipment manufacturing,10,372,368,373,376,367,369,370,369,361,366,362,359,"$26,590,278 ",368,"$1,390 "
3359,Other electrical equipment and component mfg.,9,133,131,133,128,127,128,128,124,124,124,124,126,"$12,672,369 ",128,"$1,904 "
33592,Communication and energy wire and cable mfg.,4,20,20,20,20,20,21,21,18,20,20,20,21,"$1,638,283 ",20,"$1,575 "
336,Transportation equipment manufacturing,5,36,35,33,34,34,37,38,31,30,31,36,34,"$2,861,067 ",34,"$1,618 "
337,Furniture and related product manufacturing,27,452,460,470,486,484,489,511,505,503,510,500,494,"$32,499,865 ",489,"$1,278 "
3371,Household and institutional furniture mfg.,14,273,282,289,299,301,302,318,312,309,316,304,303,"$19,349,277 ",301,"$1,236 "
33711,Wood kitchen cabinet and countertop mfg.,11,262,272,279,289,291,291,308,303,300,307,294,295,"$18,590,501 ",291,"$1,229 "
33712,Other household and institutional furniture,3,11,10,10,10,10,11,10,9,9,9,10,8,"$758,776 ",10,"$1,459 "
3372,Office furniture and fixtures manufacturing,10,143,143,146,147,146,151,155,155,151,153,156,154,"$10,785,110 ",150,"$1,383 "
33721,Office furniture and fixtures manufacturing,10,143,143,146,147,146,151,155,155,151,153,156,154,"$10,785,110 ",150,"$1,383 "
339,Miscellaneous manufacturing,63,"1,988","1,992","1,924","1,989","2,002","2,043","2,046","2,045","2,025","2,033","2,015","2,002","$222,840,564 ","2,009","$2,133 "
3391,Medical equipment and supplies manufacturing,34,"1,434","1,439","1,367","1,431","1,435","1,463","1,470","1,465","1,435","1,419","1,404","1,390","$177,640,205 ","1,429","$2,391 "
33911,Medical equipment and supplies manufacturing,34,"1,434","1,439","1,367","1,431","1,435","1,463","1,470","1,465","1,435","1,419","1,404","1,390","$177,640,205 ","1,429","$2,391 "
3399,Other miscellaneous manufacturing,29,554,553,557,558,567,580,576,580,590,614,611,612,"$45,200,360 ",579,"$1,501 "
33991,Jewelry and silverware manufacturing,6,58,57,59,56,61,67,66,63,66,67,68,69,"$3,000,127 ",63,$916 
33992,Sporting and athletic goods manufacturing,5,148,147,146,145,145,151,145,142,146,150,150,151,"$15,560,294 ",147,"$2,036 "
33995,Sign manufacturing,12,309,311,314,318,322,321,323,333,335,352,349,351,"$24,480,522 ",328,"$1,435 "
33999,All other miscellaneous manufacturing,6,39,38,38,39,39,41,42,42,43,45,44,41,"$2,159,416 ",41,"$1,013 "
102,Service-Providing,"23,861","277,867","277,329","280,105","286,853","288,559","292,677","289,370","289,126","290,124","295,668","297,685","298,361","$21,482,155,661 ","288,629","$1,431 "
1021,"Trade, Transportation and Utilities","4,075","62,614","61,030","61,231","61,614","61,922","62,770","62,949","62,849","61,589","63,283","64,736","66,196","$4,122,168,822 ","62,723","$1,264 "
22,Utilities,37,642,638,637,650,653,658,650,648,636,643,648,639,"$101,952,691 ",650,"$3,016 "
221,Utilities,37,642,638,637,650,653,658,650,648,636,643,648,639,"$101,952,691 ",650,"$3,016 "
2211,Power generation and supply,22,401,397,396,404,402,401,397,397,393,398,400,402,"$76,574,847 ",404,"$3,645 "
2213,"Water, sewage and other systems",13,112,112,110,115,119,125,122,120,116,118,120,111,"$8,192,719 ",117,"$1,347 "
42,Wholesale Trade,"1,258","14,419","14,444","14,497","14,601","14,596","14,597","14,806","14,765","14,531","14,842","14,866","14,816","$1,751,311,399 ","14,649","$2,299 "
423,"Merchant wholesalers, durable goods",653,"9,280","9,258","9,278","9,363","9,350","9,376","9,499","9,485","9,333","9,494","9,498","9,453","$1,189,790,649 ","9,387","$2,437 "
4231,Motor vehicle and parts merchant wholesalers,44,519,513,517,510,509,516,541,543,538,585,591,588,"$34,460,293 ",532,"$1,246 "
42311,Motor vehicle merchant wholesalers,11,165,167,173,171,170,173,173,173,172,201,208,206,"$12,329,727 ",172,"$1,379 "
42312,New motor vehicle parts merchant wholesalers,27,265,265,263,259,260,263,288,287,281,299,296,295,"$14,453,117 ",277,"$1,003 "
42314,Used motor vehicle parts merchant wholesalers,6,89,81,81,80,79,80,80,83,85,85,87,87,"$7,677,449 ",83,"$1,779 "
4232,Furniture and furnishing merchant wholesalers,27,302,302,301,309,311,315,312,318,319,326,323,320,"$33,704,906 ",319,"$2,032 "
42321,Furniture merchant wholesalers,8,90,92,95,93,93,96,99,96,98,99,100,97,"$9,073,252 ",96,"$1,818 "
42322,Home furnishing merchant wholesalers,19,212,210,206,216,218,219,213,222,221,227,223,223,"$24,631,654 ",223,"$2,124 "
4233,Lumber and const. supply merchant wholesalers,59,738,740,746,766,758,761,773,789,784,794,790,786,"$67,664,894 ",768,"$1,694 "
42331,Lumber and wood merchant wholesalers,16,226,205,204,211,211,207,207,214,216,211,210,204,"$16,727,855 ",211,"$1,525 "
42332,Masonry material merchant wholesalers,19,202,198,205,201,203,208,214,216,208,225,225,224,"$20,307,611 ",211,"$1,851 "
42333,Roofing and siding merchant wholesalers,15,243,269,268,284,274,275,281,288,291,289,286,289,"$25,248,353 ",278,"$1,747 "
42339,Other const. material merchant wholesalers,9,67,68,69,70,70,71,71,71,69,69,69,69,"$5,381,075 ",69,"$1,500 "
4234,Commercial equip. merchant wholesalers,170,"2,853","2,831","2,797","2,806","2,796","2,790","2,762","2,753","2,674","2,721","2,726","2,681","$444,938,509 ","2,764","$3,096 "
42342,Office equipment merchant wholesalers,11,314,310,314,306,300,296,298,296,292,287,284,289,"$31,552,722 ",299,"$2,029 "
42343,Computer and software merchant wholesalers,38,837,836,841,827,827,860,857,851,823,817,819,820,"$214,658,046 ",835,"$4,944 "
42344,Other commercial equip. merchant wholesalers,20,159,160,161,159,159,166,174,173,169,179,169,149,"$16,914,728 ",165,"$1,971 "
42345,Medical equipment merchant wholesalers,76,"1,366","1,348","1,316","1,339","1,335","1,291","1,253","1,251","1,218","1,267","1,284","1,252","$164,745,850 ","1,292","$2,452 "
42346,Ophthalmic goods merchant wholesalers,5,66,66,64,65,64,68,66,66,64,62,60,65,"$7,592,353 ",65,"$2,246 "
42349,Other professional equip. merchant wholesaler,19,109,109,99,108,109,107,112,114,106,107,108,104,"$9,283,201 ",108,"$1,653 "
4235,Metal and mineral merchant wholesalers,12,161,161,162,163,163,168,170,169,161,165,162,161,"$14,879,222 ",164,"$1,745 "
42351,Metal merchant wholesalers,12,161,161,162,163,163,168,170,169,161,165,162,161,"$14,879,222 ",164,"$1,745 "
4236,Appliance and electric goods merchant whls.,91,"1,724","1,726","1,741","1,777","1,762","1,787","1,857","1,854","1,818","1,859","1,864","1,872","$284,100,500 ","1,806","$3,025 "
42361,Elec. equip. and wiring merchant wholesalers,45,668,675,683,682,670,659,687,683,686,698,689,691,"$84,783,722 ",683,"$2,387 "
42369,Other electronic parts merchant wholesalers,29,174,168,167,172,177,173,177,172,156,169,168,161,"$15,941,749 ",170,"$1,803 "
4237,Hardware and plumbing merchant wholesalers,79,"1,368","1,369","1,384","1,389","1,403","1,404","1,428","1,416","1,402","1,399","1,407","1,413","$150,983,777 ","1,398","$2,077 "
42371,Hardware merchant wholesalers,20,304,298,299,303,306,300,299,296,286,283,286,284,"$42,798,720 ",295,"$2,790 "
42372,Plumbing equip. merchant wholesalers,39,822,826,832,835,842,843,863,856,854,860,864,870,"$81,108,038 ",847,"$1,842 "
42373,HVAC equip. merchant wholesalers,16,191,194,203,200,203,210,214,213,211,204,205,207,"$23,084,440 ",205,"$2,166 "
42374,Refrigeration equip. merchant wholesalers,4,51,51,50,51,52,51,52,51,51,52,52,52,"$3,992,579 ",51,"$1,505 "
4238,Machinery and supply merchant wholesalers,103,"1,142","1,152","1,166","1,173","1,166","1,172","1,163","1,159","1,151","1,163","1,160","1,152","$119,861,391 ","1,160","$1,987 "
42381,Construction equipment merchant wholesalers,4,29,30,29,28,29,30,28,27,27,29,31,31,"$2,755,132 ",29,"$1,827 "
42382,Farm and garden equip. merchant wholesalers,8,21,21,21,36,36,36,25,26,25,26,26,26,"$2,256,968 ",27,"$1,608 "
42383,Industrial machinery merchant wholesalers,50,766,769,788,778,774,774,778,775,767,776,769,768,"$87,270,792 ",774,"$2,168 "
42384,Industrial supplies merchant wholesalers,17,98,97,98,99,99,99,98,99,99,101,102,95,"$9,263,863 ",99,"$1,800 "
42385,Service estab. equip. merchant wholesalers,19,210,218,212,215,211,217,217,214,216,214,215,216,"$16,130,494 ",215,"$1,443 "
42386,Transport. goods merchant wholesalers,5,18,17,18,17,17,16,17,18,17,17,17,16,"$2,184,142 ",17,"$2,471 "
4239,Misc. durable goods merchant wholesalers,68,473,464,464,470,482,463,493,484,486,482,475,480,"$39,197,157 ",476,"$1,584 "
42391,Sporting goods merchant wholesalers,17,205,203,203,205,209,200,221,222,215,218,208,204,"$20,703,020 ",209,"$1,905 "
42392,Toy and hobby goods merchant wholesalers,4,33,34,32,32,32,32,34,30,32,30,30,30,"$2,471,313 ",32,"$1,485 "
42393,Recyclable material merchant wholesalers,4,67,69,71,67,68,66,69,67,76,78,78,81,"$5,336,978 ",71,"$1,446 "
42394,Jewelry merchant wholesalers,8,17,11,15,20,18,16,14,13,14,13,13,14,"$829,310 ",15,"$1,063 "
42399,Other durable goods merchant wholesalers,35,151,147,143,146,155,149,155,152,149,143,146,151,"$9,856,536 ",149,"$1,272 "
424,"Merchant wholesalers, nondurable goods",321,"3,837","3,862","3,883","3,923","3,946","3,949","4,011","3,992","3,926","4,025","4,053","4,064","$370,951,671 ","3,959","$1,802 "
4241,Paper and paper product merchant wholesalers,24,314,312,289,315,312,291,315,304,291,309,316,300,"$34,336,537 ",306,"$2,158 "
42412,Office supplies merchant wholesalers,6,73,74,71,73,72,68,73,70,69,72,73,72,"$4,286,545 ",72,"$1,145 "
42413,Industrial paper merchant wholesalers,14,145,146,134,151,151,139,149,144,137,147,152,143,"$18,730,687 ",145,"$2,484 "
4242,Druggists' goods merchant wholesalers,36,316,323,322,323,321,326,328,319,331,318,319,317,"$50,294,736 ",323,"$2,994 "
42421,Druggists' goods merchant wholesalers,36,316,323,322,323,321,326,328,319,331,318,319,317,"$50,294,736 ",323,"$2,994 "
4243,Apparel and piece goods merchant wholesalers,38,441,445,490,496,510,520,540,537,534,548,554,567,"$50,363,278 ",515,"$1,881 "
42431,Piece goods merchant wholesalers,7,34,34,34,35,35,34,35,35,35,39,42,41,"$2,684,054 ",36,"$1,434 "
42432,Men's and boys' clothing merchant wholesalers,9,187,192,193,187,202,210,225,223,222,218,214,210,"$17,578,567 ",207,"$1,633 "
42433,Women's and children's clothing merch. whls.,15,186,186,185,184,186,183,184,182,182,187,192,211,"$17,309,816 ",187,"$1,780 "
42434,Footwear merchant wholesalers,7,34,33,78,90,87,93,96,97,95,104,106,105,"$12,790,841 ",85,"$2,894 "
4244,Grocery and related product wholesalers,112,"1,499","1,513","1,514","1,515","1,527","1,541","1,515","1,512","1,475","1,536","1,540","1,546","$113,671,725 ","1,521","$1,437 "
42441,General line grocery merchant wholesalers,25,776,788,787,785,800,802,780,775,757,798,793,792,"$51,975,300 ",786,"$1,272 "
42442,Packaged frozen food merchant wholesalers,10,116,113,113,113,115,118,118,120,116,119,119,116,"$9,276,215 ",116,"$1,538 "
42443,Dairy product merchant wholesalers,7,28,28,28,28,28,27,30,28,26,26,26,27,"$4,385,885 ",28,"$3,012 "
42446,Fish and seafood merchant wholesalers,5,6,8,8,7,6,6,6,6,6,5,6,6,"$396,892 ",6,"$1,272 "
42447,Meat and meat product merchant wholesalers,5,79,74,77,77,75,79,81,81,75,75,76,77,"$5,640,052 ",77,"$1,409 "
42448,Fruit and vegetable merchant wholesalers,5,27,27,28,27,26,8,27,27,28,28,29,28,"$2,335,264 ",26,"$1,727 "
42449,Other grocery product merchant wholesalers,45,302,310,306,309,313,334,310,314,307,325,330,337,"$28,369,335 ",318,"$1,716 "
4246,Chemical merchant wholesalers,35,281,284,277,286,284,256,272,274,274,292,297,296,"$28,931,526 ",281,"$1,980 "
42461,Plastics materials merchant wholesalers,11,23,23,24,26,24,25,25,25,25,37,36,37,"$4,152,257 ",28,"$2,852 "
42469,Other chemicals merchant wholesalers,24,258,261,253,260,260,231,247,249,249,255,261,259,"$24,779,269 ",254,"$1,876 "
4247,Petroleum merchant wholesalers,10,210,216,214,207,205,208,203,203,206,207,205,210,"$28,565,762 ",208,"$2,641 "
42472,Other petroleum merchant wholesalers,8,151,156,156,151,150,153,148,148,149,151,148,152,"$22,724,101 ",151,"$2,894 "
4248,Alcoholic beverage merchant wholesalers,28,527,527,532,536,539,552,583,589,585,563,571,569,"$45,964,866 ",556,"$1,590 "
42481,Beer and ale merchant wholesalers,8,320,317,319,318,324,340,370,371,368,344,353,354,"$24,981,064 ",342,"$1,405 "
42482,Wine and spirit merchant wholesalers,20,207,210,213,218,215,212,213,218,217,219,218,215,"$20,983,802 ",215,"$1,877 "
4249,Misc. nondurable goods merchant wholesalers,36,247,240,243,243,246,253,253,252,228,249,248,256,"$18,594,965 ",247,"$1,448 "
42491,Farm supplies merchant wholesalers,4,26,25,27,28,29,30,32,31,29,29,26,28,"$2,266,546 ",28,"$1,557 "
42492,Book and periodical merchant wholesalers,6,23,23,23,22,22,21,21,21,21,22,21,21,"$1,496,100 ",22,"$1,308 "
42493,Nursery and florist merchant wholesalers,3,11,9,11,12,12,13,12,11,11,11,11,11,"$597,555 ",11,"$1,045 "
42499,Other nondurable goods merchant wholesalers,21,49,50,49,48,53,55,55,56,45,62,65,66,"$3,673,203 ",54,"$1,308 "
425,Electronic markets and agents and brokers,284,"1,302","1,324","1,336","1,315","1,300","1,272","1,296","1,288","1,272","1,323","1,315","1,299","$190,569,080 ","1,304","$2,810 "
4251,Electronic markets and agents and brokers,284,"1,302","1,324","1,336","1,315","1,300","1,272","1,296","1,288","1,272","1,323","1,315","1,299","$190,569,080 ","1,304","$2,810 "
42511,Business to business electronic markets,11,46,47,47,47,47,46,45,47,44,47,48,48,"$9,288,165 ",47,"$3,800 "
42512,Wholesale trade agents and brokers,273,"1,256","1,277","1,289","1,268","1,253","1,226","1,251","1,241","1,228","1,276","1,267","1,251","$181,280,915 ","1,257","$2,773 "
44-45 ,Retail Trade,"2,276","38,274","37,092","37,337","37,493","37,673","38,479","38,550","38,521","37,059","38,148","39,371","40,428","$1,699,522,034 ","38,174",$856 
441,Motor vehicle and parts dealers,203,"4,676","4,680","4,682","4,714","4,703","4,694","4,718","4,686","4,730","4,801","4,785","4,742","$424,221,839 ","4,717","$1,730 "
4411,Automobile dealers,105,"3,900","3,907","3,901","3,916","3,895","3,867","3,859","3,839","3,901","3,967","3,952","3,896","$377,544,755 ","3,900","$1,862 "
44111,New car dealers,50,"3,419","3,423","3,419","3,422","3,407","3,390","3,374","3,362","3,397","3,440","3,417","3,344","$344,975,309 ","3,401","$1,951 "
44112,Used car dealers,55,481,484,482,494,488,477,485,477,504,527,535,552,"$32,569,445 ",499,"$1,255 "
4412,Other motor vehicle dealers,12,162,161,172,183,188,201,203,200,189,184,181,191,"$17,464,560 ",185,"$1,815 "
44122,"Motorcycle, boat, and other vehicle dealers",11,136,135,146,156,161,175,179,174,162,156,152,163,"$14,658,870 ",158,"$1,784 "
4413,"Auto parts, accessories, and tire stores",86,614,612,609,615,620,626,656,647,640,650,652,655,"$29,212,525 ",633,$887 
44131,Automotive parts and accessories stores,51,390,396,386,386,388,391,403,404,397,411,411,412,"$17,081,733 ",398,$825 
44132,Tire dealers,35,224,216,223,229,232,235,253,243,243,239,241,243,"$12,130,792 ",235,$993 
442,Furniture and home furnishings stores,109,"1,513","1,510","1,536","1,535","1,545","1,580","1,529","1,550","1,499","1,506","1,662","1,675","$79,258,028 ","1,553",$981 
4421,Furniture stores,36,407,415,418,417,427,428,428,429,427,443,587,585,"$32,985,526 ",451,"$1,407 "
44211,Furniture stores,36,407,415,418,417,427,428,428,429,427,443,587,585,"$32,985,526 ",451,"$1,407 "
4422,Home furnishings stores,73,"1,106","1,095","1,118","1,118","1,118","1,152","1,101","1,121","1,072","1,063","1,075","1,090","$46,272,502 ","1,102",$807 
44221,Floor covering stores,21,148,148,149,153,129,147,140,136,133,156,152,154,"$11,034,542 ",145,"$1,463 "
44229,Other home furnishings stores,52,958,947,969,965,989,"1,005",961,985,939,907,923,936,"$35,237,960 ",957,$708 
443,Electronics and appliance stores,52,919,930,907,918,923,928,936,939,916,984,"1,021","1,033","$64,626,935 ",946,"$1,314 "
4431,Electronics and appliance stores,52,919,930,907,918,923,928,936,939,916,984,"1,021","1,033","$64,626,935 ",946,"$1,314 "
44314,Electronics and appliance stores,52,919,930,907,918,923,928,936,939,916,984,"1,021","1,033","$64,626,935 ",946,"$1,314 "
444,Building material and garden supply stores,141,"2,841","2,785","2,927","3,031","3,105","3,171","3,127","3,039","2,910","2,954","2,916","2,947","$133,138,851 ","2,979",$859 
4441,Building material and supplies dealers,112,"2,595","2,545","2,676","2,725","2,780","2,838","2,805","2,732","2,613","2,652","2,611","2,623","$116,679,275 ","2,683",$836 
44411,Home centers,14,"1,545","1,503","1,584","1,593","1,635","1,671","1,619","1,543","1,462","1,473","1,435","1,421","$55,305,911 ","1,540",$691 
44413,Hardware stores,30,459,447,463,472,485,498,496,498,455,473,471,494,"$19,128,459 ",476,$773 
44419,Other building material dealers,55,535,534,569,599,603,610,630,631,633,649,649,649,"$37,866,905 ",608,"$1,198 "
4442,Lawn and garden equipment and supplies stores,29,246,240,251,306,325,333,322,307,297,302,305,324,"$16,459,576 ",297,"$1,066 "
44421,Outdoor power equipment stores,5,97,98,98,100,98,99,99,96,99,93,102,110,"$6,290,269 ",99,"$1,222 "
44422,"Nursery, garden, and farm supply stores",24,149,142,153,206,227,234,223,211,198,209,203,214,"$10,169,307 ",197,$993 
445,Food and beverage stores,434,"10,110","9,834","9,896","9,826","9,729","9,911","9,833","9,665","9,353","9,273","9,379","9,586","$319,071,589 ","9,699",$633 
4451,Grocery stores,249,"8,824","8,604","8,647","8,538","8,426","8,577","8,459","8,304","8,067","7,944","8,037","8,213","$277,775,171 ","8,387",$637 
44511,Supermarkets and other grocery stores,92,"8,295","8,070","8,099","7,975","7,880","8,012","7,905","7,752","7,521","7,413","7,521","7,694","$263,201,044 ","7,845",$645 
44512,Convenience stores,157,529,534,548,563,546,565,554,552,546,531,516,519,"$14,574,127 ",542,$517 
4452,Specialty food stores,55,541,523,543,575,585,620,648,641,591,592,601,627,"$20,153,399 ",590,$657 
44521,Meat markets,7,76,76,80,77,74,85,89,89,92,93,100,101,"$4,624,743 ",86,"$1,034 "
44522,Fish and seafood markets,9,100,98,98,105,109,116,119,119,106,104,109,113,"$3,816,808 ",108,$680 
44523,Fruit and vegetable markets,4,84,73,87,105,109,119,130,118,107,101,91,99,"$3,648,166 ",102,$688 
44529,Other specialty food stores,35,281,276,278,288,293,300,310,315,286,294,301,314,"$8,063,682 ",294,$527 
4453,"Beer, wine, and liquor stores",130,745,707,706,713,718,714,726,720,695,737,741,746,"$21,143,019 ",722,$563 
44531,"Beer, wine, and liquor stores",130,745,707,706,713,718,714,726,720,695,737,741,746,"$21,143,019 ",722,$563 
446,Health and personal care stores,265,"2,670","2,616","2,643","2,676","2,664","2,680","2,643","2,635","2,501","2,639","2,692","2,799","$122,452,224 ","2,655",$887 
4461,Health and personal care stores,265,"2,670","2,616","2,643","2,676","2,664","2,680","2,643","2,635","2,501","2,639","2,692","2,799","$122,452,224 ","2,655",$887 
44611,Pharmacies and drug stores,160,"1,844","1,817","1,855","1,903","1,888","1,902","1,859","1,841","1,772","1,836","1,862","1,954","$94,525,543 ","1,861",$977 
44612,Cosmetic and beauty supply stores,40,516,493,480,472,474,475,475,489,441,493,509,525,"$11,924,842 ",487,$471 
44613,Optical goods stores,26,168,165,169,164,164,164,165,165,165,164,169,166,"$9,203,012 ",166,"$1,066 "
44619,Other health and personal care stores,39,142,141,139,137,138,139,144,140,123,146,152,154,"$6,798,827 ",141,$927 
447,Gasoline stations,208,"1,050","1,070","1,083","1,083","1,080","1,074","1,102","1,098","1,083","1,109","1,126","1,116","$36,939,716 ","1,091",$651 
4471,Gasoline stations,208,"1,050","1,070","1,083","1,083","1,080","1,074","1,102","1,098","1,083","1,109","1,126","1,116","$36,939,716 ","1,091",$651 
44711,Gasoline stations with convenience stores,109,623,641,654,652,655,652,667,672,659,670,678,676,"$21,756,616 ",658,$636 
44719,Other gasoline stations,99,427,429,429,431,425,422,435,426,424,439,448,440,"$15,183,101 ",433,$674 
448,Clothing and clothing accessories stores,314,"3,836","3,486","3,534","3,600","3,727","3,961","4,021","4,120","3,768","4,013","4,268","4,515","$109,524,148 ","3,905",$539 
4481,Clothing stores,207,"2,697","2,454","2,505","2,550","2,647","2,831","2,879","2,953","2,714","2,926","3,129","3,290","$75,815,500 ","2,798",$521 
44811,Men's clothing stores,14,106,96,98,98,101,112,107,111,111,125,127,133,"$5,049,298 ",112,$867 
44812,Women's clothing stores,61,743,678,695,709,751,805,819,811,779,833,891,933,"$19,181,479 ",787,$469 
44813,Children's and infants' clothing stores,14,179,143,155,156,143,160,162,174,148,162,167,174,"$4,918,132 ",160,$591 
44814,Family clothing stores,73,"1,204","1,088","1,105","1,133","1,168","1,252","1,272","1,341","1,205","1,309","1,418","1,508","$30,731,336 ","1,249",$473 
44815,Clothing accessories stores,14,80,75,80,74,84,88,100,103,91,94,92,97,"$3,501,379 ",88,$765 
44819,Other clothing stores,31,385,374,372,380,400,414,419,413,380,403,434,445,"$12,433,876 ",402,$595 
4482,Shoe stores,50,755,673,674,679,701,740,754,786,697,695,719,761,"$17,642,866 ",721,$471 
44821,Shoe stores,50,755,673,674,679,701,740,754,786,697,695,719,761,"$17,642,866 ",721,$471 
4483,"Jewelry, luggage, and leather goods stores",57,384,359,355,371,379,390,388,381,357,392,420,464,"$16,065,782 ",386,$800 
44831,Jewelry stores,50,288,275,277,288,292,296,296,288,272,298,322,345,"$13,122,351 ",294,$858 
44832,Luggage and leather goods stores,7,96,84,78,83,87,94,92,93,85,94,98,119,"$2,943,431 ",92,$615 
451,"Sports, hobby, music instrument, book stores",118,"1,595","1,474","1,453","1,472","1,470","1,547","1,568","1,591","1,508","1,584","1,719","1,854","$43,981,122 ","1,570",$539 
4511,Sporting goods and musical instrument stores,96,"1,290","1,192","1,162","1,189","1,178","1,268","1,275","1,305","1,212","1,274","1,382","1,480","$35,810,336 ","1,267",$544 
45111,Sporting goods stores,47,792,718,703,718,720,787,791,821,730,780,847,923,"$23,620,295 ",778,$584 
45112,"Hobby, toy, and game stores",29,345,322,312,325,317,334,338,340,337,353,393,408,"$8,369,235 ",344,$468 
45113,"Sewing, needlework, and piece goods stores",7,62,59,56,57,50,52,50,55,54,60,62,65,"$1,020,843 ",57,$344 
45114,Musical instrument and supplies stores,13,91,93,91,89,91,95,96,89,91,81,80,84,"$2,799,963 ",89,$605 
4512,Book stores and news dealers,22,305,282,291,283,292,279,293,286,296,310,337,374,"$8,170,786 ",302,$520 
45121,Book stores and news dealers,22,305,282,291,283,292,279,293,286,296,310,337,374,"$8,170,786 ",302,$520 
452,General merchandise stores,77,"6,024","5,657","5,586","5,527","5,587","5,748","5,878","6,003","5,647","5,987","6,435","6,735","$175,637,194 ","5,871",$575 
4522,Department Stores,29,"3,663","3,321","3,281","3,244","3,290","3,391","3,516","3,610","3,313","3,561","3,867","4,131","$90,343,954 ","3,503",$496 
45221,Department Stores,29,"3,663","3,321","3,281","3,244","3,290","3,391","3,516","3,610","3,313","3,561","3,867","4,131","$90,343,954 ","3,503",$496 
4523,"General Merch Stores, incl Warehouse",48,"2,361","2,336","2,305","2,283","2,297","2,357","2,362","2,393","2,334","2,426","2,568","2,604","$85,293,240 ","2,368",$693 
45231,"General Merch Stores, incl Warehouse",48,"2,361","2,336","2,305","2,283","2,297","2,357","2,362","2,393","2,334","2,426","2,568","2,604","$85,293,240 ","2,368",$693 
453,Miscellaneous store retailers,181,"1,505","1,497","1,543","1,564","1,616","1,660","1,672","1,675","1,643","1,717","1,769","1,784","$51,547,841 ","1,638",$605 
4531,Florists,23,97,111,108,114,119,135,130,127,132,149,155,159,"$3,672,338 ",128,$552 
45311,Florists,23,97,111,108,114,119,135,130,127,132,149,155,159,"$3,672,338 ",128,$552 
4532,"Office supplies, stationery, and gift stores",54,620,597,602,621,638,633,627,615,608,664,691,713,"$15,512,470 ",636,$469 
45321,Office supplies and stationery stores,13,207,199,194,191,188,187,192,188,183,190,194,203,"$5,779,326 ",193,$576 
45322,"Gift, novelty, and souvenir stores",41,413,398,408,430,450,446,435,427,425,474,497,510,"$9,733,144 ",443,$423 
4533,Used merchandise stores,17,194,188,192,176,184,193,198,196,191,191,189,195,"$6,262,109 ",191,$630 
45331,Used merchandise stores,17,194,188,192,176,184,193,198,196,191,191,189,195,"$6,262,109 ",191,$630 
4539,Other miscellaneous store retailers,87,594,601,641,653,675,699,717,737,712,713,734,717,"$26,100,924 ",683,$735 
45391,Pet and pet supplies stores,25,275,277,289,295,290,303,312,315,296,318,326,322,"$10,124,076 ",302,$645 
45392,Art dealers,5,7,8,14,18,16,13,13,13,15,13,15,15,"$266,670 ",13,$394 
45399,All other miscellaneous store retailers,57,312,316,338,340,369,383,392,409,401,382,393,380,"$15,710,178 ",368,$821 
454,Nonstore retailers,174,"1,535","1,553","1,547","1,547","1,524","1,525","1,523","1,520","1,501","1,581","1,599","1,642","$139,122,547 ","1,550","$1,726 "
4541,Electronic shopping and mail-order houses,88,565,566,571,599,582,594,596,596,553,596,592,604,"$61,771,190 ",585,"$2,031 "
45411,Electronic Shopping and Mail-Order Houses,88,565,566,571,599,582,594,596,596,553,596,592,604,"$61,771,190 ",585,"$2,031 "
4542,Vending machine operators,13,90,91,89,93,87,92,96,97,111,111,111,113,"$5,666,638 ",98,"$1,112 "
45421,Vending machine operators,13,90,91,89,93,87,92,96,97,111,111,111,113,"$5,666,638 ",98,"$1,112 "
4543,Direct selling establishments,73,880,896,887,855,855,839,831,827,837,874,896,925,"$71,684,718 ",867,"$1,590 "
45431,Fuel dealers,49,825,841,831,800,785,765,763,758,766,794,816,846,"$67,875,567 ",799,"$1,634 "
45439,Other direct selling establishments,24,55,55,56,55,70,74,68,69,71,80,80,79,"$3,809,151 ",68,"$1,077 "
48-49 ,Transportation and Warehousing,504,"9,279","8,856","8,760","8,870","9,000","9,036","8,943","8,915","9,363","9,650","9,851","10,313","$569,382,697 ","9,250","$1,184 "
481,Air transportation,14,109,106,109,114,126,128,135,135,131,136,138,137,"$16,240,900 ",125,"$2,499 "
4811,Scheduled air transportation,4,52,49,53,60,67,69,80,76,73,73,73,71,"$7,230,614 ",66,"$2,107 "
48111,Scheduled air transportation,4,52,49,53,60,67,69,80,76,73,73,73,71,"$7,230,614 ",66,"$2,107 "
4812,Nonscheduled air transportation,10,57,57,56,54,59,59,55,59,58,63,65,66,"$9,010,286 ",59,"$2,937 "
48121,Nonscheduled air transportation,10,57,57,56,54,59,59,55,59,58,63,65,66,"$9,010,286 ",59,"$2,937 "
484,Truck transportation,187,"1,544","1,503","1,501","1,504","1,567","1,564","1,602","1,618","1,587","1,614","1,610","1,612","$100,248,217 ","1,569","$1,229 "
4841,General freight trucking,118,"1,003",968,957,924,960,948,965,966,984,"1,012","1,020","1,008","$59,263,451 ",976,"$1,168 "
48411,"General freight trucking, local",85,625,598,584,554,583,577,603,596,610,635,641,632,"$33,670,964 ",603,"$1,074 "
48412,"General freight trucking, long-distance",33,378,370,373,370,377,371,362,370,374,377,379,376,"$25,592,487 ",373,"$1,319 "
4842,Specialized freight trucking,69,541,535,544,580,607,616,637,652,603,602,590,604,"$40,984,766 ",593,"$1,329 "
48421,Used household and office goods moving,26,318,327,336,363,363,387,398,416,368,368,357,368,"$21,424,624 ",364,"$1,132 "
48422,"Other specialized trucking, local",35,125,115,111,119,143,133,137,138,136,136,134,134,"$8,857,457 ",130,"$1,310 "
48423,"Other specialized trucking, long-distance",8,98,93,97,98,101,96,102,98,99,98,99,102,"$10,702,685 ",98,"$2,100 "
485,Transit and ground passenger transportation,90,"1,215","1,233","1,265","1,312","1,352","1,310",964,941,"1,434","1,475","1,474","1,502","$51,567,692 ","1,290",$769 
4853,Taxi and limousine service,22,60,61,60,68,85,86,107,106,113,129,126,132,"$3,191,727 ",95,$646 
48532,Limousine service,17,59,60,59,67,83,83,101,104,108,124,120,127,"$3,109,542 ",92,$650 
4854,School and employee bus transportation,15,468,480,488,503,511,506,136,121,514,513,519,523,"$17,934,574 ",440,$784 
48541,School and employee bus transportation,15,468,480,488,503,511,506,136,121,514,513,519,523,"$17,934,574 ",440,$784 
4855,Charter bus industry,19,204,206,214,243,247,206,210,198,276,290,282,286,"$11,761,302 ",239,$946 
48551,Charter bus industry,19,204,206,214,243,247,206,210,198,276,290,282,286,"$11,761,302 ",239,$946 
4859,Other ground passenger transportation,32,479,483,501,496,507,506,505,511,526,538,542,556,"$18,512,287 ",513,$694 
48599,Other ground passenger transportation,32,479,483,501,496,507,506,505,511,526,538,542,556,"$18,512,287 ",513,$694 
487,Scenic and sightseeing transportation,7,12,13,17,24,30,46,53,58,59,58,61,61,"$1,256,104 ",41,$589 
4871,"Scenic and sightseeing transportation, land",6,12,13,17,20,27,40,45,50,54,52,60,59,"$1,214,127 ",37,$631 
48711,"Scenic and sightseeing transportation, land",6,12,13,17,20,27,40,45,50,54,52,60,59,"$1,214,127 ",37,$631 
488,Support activities for transportation,75,556,541,544,546,559,563,568,571,553,563,580,581,"$37,852,867 ",561,"$1,298 "
4883,Support activities for water transportation,3,6,5,7,8,11,14,14,15,15,14,16,7,"$754,173 ",11,"$1,318 "
48839,Other support activities for water transport.,3,6,5,7,8,11,14,14,15,15,14,16,7,"$754,173 ",11,"$1,318 "
4884,Support activities for road transportation,22,208,202,212,205,207,209,204,204,199,196,211,215,"$10,653,033 ",206,$994 
48841,Motor vehicle towing,19,200,194,202,195,196,198,193,192,188,185,200,204,"$10,192,578 ",196,"$1,000 "
48849,Other support activities for road transport.,3,8,8,10,10,11,11,11,12,11,11,11,11,"$460,455 ",10,$885 
4885,Freight transportation arrangement,37,272,268,262,271,274,263,272,273,255,262,264,269,"$21,960,747 ",267,"$1,582 "
48851,Freight transportation arrangement,37,272,268,262,271,274,263,272,273,255,262,264,269,"$21,960,747 ",267,"$1,582 "
4889,Other support activities for transportation,11,46,42,39,38,42,53,53,55,60,67,64,65,"$2,965,176 ",52,"$1,097 "
48899,Other support activities for transportation,11,46,42,39,38,42,53,53,55,60,67,64,65,"$2,965,176 ",52,"$1,097 "
492,Couriers and messengers,52,"2,556","2,172","2,065","1,975","1,983","1,990","2,122","2,116","2,143","2,302","2,473","2,885","$109,757,025 ","2,245",$940 
4921,Couriers and express delivery services,33,"2,044","1,702","1,623","1,578","1,595","1,631","1,688","1,671","1,690","1,742","1,940","2,295","$92,636,569 ","1,768","$1,008 "
49211,Couriers and express delivery services,33,"2,044","1,702","1,623","1,578","1,595","1,631","1,688","1,671","1,690","1,742","1,940","2,295","$92,636,569 ","1,768","$1,008 "
4922,Local messengers and local delivery,19,512,470,442,397,388,359,434,445,453,560,533,590,"$17,120,456 ",477,$690 
49221,Local messengers and local delivery,19,512,470,442,397,388,359,434,445,453,560,533,590,"$17,120,456 ",477,$690 
493,Warehousing and storage,38,"2,117","2,088","2,060","2,186","2,188","2,244","2,305","2,297","2,287","2,329","2,354","2,369","$165,642,919 ","2,235","$1,425 "
4931,Warehousing and storage,38,"2,117","2,088","2,060","2,186","2,188","2,244","2,305","2,297","2,287","2,329","2,354","2,369","$165,642,919 ","2,235","$1,425 "
49311,General warehousing and storage,33,"1,773","1,739","1,712","1,710","1,704","1,744","1,772","1,763","1,751","1,811","1,838","1,849","$130,648,470 ","1,764","$1,424 "
1022,Information,641,"10,432","10,208","10,207","10,346","10,315","10,407","10,531","10,449","10,220","10,419","10,340","10,433","$1,059,433,068 ","10,357","$1,967 "
51,Information,641,"10,432","10,208","10,207","10,346","10,315","10,407","10,531","10,449","10,220","10,419","10,340","10,433","$1,059,433,068 ","10,357","$1,967 "
511,"Publishing industries, except Internet",235,"4,876","4,861","4,872","4,941","4,925","4,952","4,991","5,002","4,932","5,015","4,990","5,054","$544,526,378 ","4,950","$2,115 "
5111,"Newspaper, book, and directory publishers",49,753,754,750,746,735,733,722,718,711,708,705,706,"$64,757,305 ",728,"$1,711 "
51111,Newspaper publishers,13,123,123,121,119,118,121,111,111,114,116,116,117,"$7,376,461 ",118,"$1,202 "
51112,Periodical publishers,20,437,446,445,442,435,430,428,427,423,418,415,412,"$42,019,639 ",430,"$1,879 "
51113,Book publishers,7,54,53,53,54,53,53,54,53,55,54,53,55,"$3,914,859 ",54,"$1,394 "
5112,Software publishers,186,"4,123","4,107","4,122","4,195","4,190","4,219","4,269","4,284","4,221","4,307","4,285","4,348","$479,769,074 ","4,221","$2,186 "
51121,Software publishers,186,"4,123","4,107","4,122","4,195","4,190","4,219","4,269","4,284","4,221","4,307","4,285","4,348","$479,769,074 ","4,221","$2,186 "
512,Motion picture and sound recording industries,48,250,232,228,237,246,304,369,369,339,369,382,395,"$12,824,654 ",310,$796 
5121,Motion picture and video industries,41,240,223,219,228,238,292,354,355,325,354,367,380,"$12,459,346 ",298,$804 
51211,Motion picture and video production,30,102,89,87,89,90,87,91,89,88,95,91,91,"$5,838,950 ",91,"$1,234 "
51213,Motion picture and video exhibition,9,118,114,111,118,129,186,244,248,219,241,256,271,"$5,432,507 ",188,$556 
5122,Sound recording industries,7,10,9,9,9,8,12,15,14,14,15,15,15,"$365,308 ",12,$585 
515,"Broadcasting, except Internet",46,807,626,616,625,631,646,623,615,600,628,633,626,"$77,460,981 ",638,"$2,335 "
5151,Radio and television broadcasting,21,678,492,487,500,497,496,477,477,468,479,481,473,"$62,768,787 ",498,"$2,424 "
51511,Radio broadcasting,9,38,39,39,36,37,35,35,35,32,36,38,37,"$2,990,401 ",36,"$1,597 "
51512,Television broadcasting,12,640,453,448,464,460,461,442,442,436,443,443,436,"$59,778,386 ",462,"$2,488 "
5152,Cable and other subscription programming,25,129,134,129,125,134,150,146,138,132,149,152,153,"$14,692,194 ",139,"$2,033 "
51521,Cable and other subscription programming,25,129,134,129,125,134,150,146,138,132,149,152,153,"$14,692,194 ",139,"$2,033 "
517,Telecommunications,98,"2,706","2,690","2,698","2,729","2,683","2,678","2,702","2,620","2,534","2,570","2,483","2,501","$268,736,761 ","2,634","$1,962 "
5173,Wired and Wireless Telecommunication Carriers,73,961,962,969,999,957,942,972,937,924,910,860,874,"$100,964,393 ",939,"$2,068 "
51731,Wired and Wireless Telecommunication Carriers,73,961,962,969,999,957,942,972,937,924,910,860,874,"$100,964,393 ",939,"$2,068 "
518,"Data processing, hosting and related services",88,618,619,621,605,614,604,630,635,616,609,621,619,"$67,602,087 ",618,"$2,104 "
5182,"Data processing, hosting and related services",88,618,619,621,605,614,604,630,635,616,609,621,619,"$67,602,087 ",618,"$2,104 "
51821,"Data processing, hosting and related svcs",88,618,619,621,605,614,604,630,635,616,609,621,619,"$67,602,087 ",618,"$2,104 "
519,Other information services,126,"1,175","1,180","1,172","1,209","1,216","1,223","1,216","1,208","1,199","1,228","1,231","1,238","$88,282,206 ","1,209","$1,404 "
5191,Other information services,126,"1,175","1,180","1,172","1,209","1,216","1,223","1,216","1,208","1,199","1,228","1,231","1,238","$88,282,206 ","1,209","$1,404 "
51912,Libraries and archives,29,740,737,741,758,759,765,751,749,758,772,772,787,"$32,228,876 ",757,$819 
51913,Internet publishing and web search portals,68,220,227,223,237,242,249,247,250,236,243,245,242,"$33,736,569 ",239,"$2,715 "
51919,All other information services,27,198,199,190,196,196,192,199,190,187,195,195,191,"$21,123,794 ",194,"$2,094 "
1023,Financial Activities,"2,289","27,519","27,484","27,496","27,694","27,062","27,202","27,300","27,213","26,765","26,812","26,828","26,908","$3,017,260,918 ","27,192","$2,134 "
52,Finance and Insurance,"1,331","21,927","21,907","21,937","22,074","21,408","21,396","21,357","21,287","20,970","20,891","20,856","20,901","$2,564,874,616 ","21,407","$2,304 "
522,Credit intermediation and related activities,415,"7,567","7,496","7,503","7,652","7,449","7,349","7,272","7,189","7,063","6,992","6,955","6,939","$881,854,245 ","7,287","$2,327 "
5221,Depository credit intermediation,285,"6,587","6,525","6,500","6,663","6,459","6,346","6,262","6,188","6,090","5,980","5,928","5,897","$665,133,252 ","6,286","$2,035 "
52211,Commercial banking,153,"5,009","4,954","4,930","5,124","4,919","4,793","4,706","4,642","4,578","4,464","4,432","4,390","$512,515,232 ","4,745","$2,077 "
52212,Savings institutions,100,"1,167","1,161","1,161","1,134","1,134","1,139","1,139","1,126","1,102","1,106","1,086","1,101","$95,054,868 ","1,130","$1,618 "
52213,Credit unions,30,335,333,330,325,326,327,330,333,326,325,326,321,"$24,389,391 ",328,"$1,430 "
5222,Nondepository credit intermediation,77,634,632,650,637,644,650,646,642,629,646,653,654,"$160,112,401 ",644,"$4,781 "
52222,Sales financing,13,80,74,74,71,73,70,68,63,60,60,58,58,"$7,099,323 ",68,"$2,008 "
52229,Other nondepository credit intermediation,62,552,556,574,564,569,577,575,576,566,583,592,593,"$152,766,716 ",573,"$5,127 "
5223,Activities related to credit intermediation,53,346,339,353,352,346,353,364,359,344,366,374,388,"$56,608,593 ",357,"$3,049 "
52231,Mortgage and nonmortgage loan brokers,30,158,151,152,154,143,150,159,158,151,168,168,184,"$31,430,970 ",158,"$3,826 "
52239,Other credit intermediation activities,11,74,75,75,72,70,69,70,71,71,64,66,66,"$10,742,570 ",70,"$2,951 "
523,"Securities, commodity contracts, investments",446,"3,518","3,534","3,532","3,545","3,077","3,080","3,120","3,100","3,040","3,090","3,097","3,153","$527,154,717 ","3,234","$3,135 "
5231,Securities and commodity contracts brokerage,96,495,499,490,484,482,481,490,489,481,480,478,473,"$133,407,568 ",485,"$5,290 "
52311,Investment banking and securities dealing,23,81,82,84,80,80,78,83,82,81,81,81,78,"$26,613,849 ",81,"$6,319 "
52312,Securities brokerage,72,414,417,405,404,402,403,407,407,400,399,397,395,"$106,762,154 ",404,"$5,082 "
5232,Securities and commodity exchanges,4,5,5,5,5,5,4,4,4,4,4,5,5,"$879,762 ",5,"$3,384 "
52321,Securities and commodity exchanges,4,5,5,5,5,5,4,4,4,4,4,5,5,"$879,762 ",5,"$3,384 "
5239,Other financial investment activities,346,"3,018","3,030","3,037","3,056","2,590","2,595","2,626","2,607","2,555","2,606","2,614","2,675","$392,867,387 ","2,744","$2,753 "
52391,Miscellaneous intermediation,24,52,55,59,62,54,58,62,63,63,64,63,65,"$15,164,990 ",60,"$4,861 "
52392,Portfolio management,123,967,968,972,983,538,557,564,554,540,563,573,587,"$157,739,749 ",698,"$4,346 "
52393,Investment advice,171,"1,210","1,213","1,216","1,240","1,243","1,226","1,239","1,243","1,223","1,247","1,247","1,291","$158,225,548 ","1,229","$2,476 "
524,Insurance carriers and related activities,451,"10,832","10,867","10,889","10,860","10,865","10,947","10,945","10,975","10,845","10,784","10,779","10,785","$1,152,197,435 ","10,868","$2,039 "
5241,Insurance carriers,70,"7,561","7,601","7,627","7,626","7,624","7,689","7,688","7,690","7,590","7,514","7,523","7,522","$799,428,011 ","7,608","$2,021 "
52411,Direct life and health insurance carriers,30,"4,950","4,980","5,009","5,000","4,986","5,022","5,022","5,031","4,957","4,875","4,853","4,864","$478,802,165 ","4,966","$1,854 "
52412,"Direct insurers, except life and health",37,"2,586","2,595","2,593","2,594","2,606","2,634","2,630","2,623","2,593","2,598","2,629","2,617","$314,307,289 ","2,608","$2,318 "
52413,Reinsurance carriers,3,25,26,25,32,32,33,36,36,40,41,41,41,"$6,318,557 ",34,"$3,574 "
5242,Insurance agencies and brokerages,381,"3,271","3,266","3,262","3,234","3,241","3,258","3,257","3,285","3,255","3,270","3,256","3,263","$352,769,424 ","3,260","$2,081 "
52421,Insurance agencies and brokerages,308,"1,997","2,001","1,994","1,967","1,967","1,989","2,014","2,038","1,992","1,997","1,977","1,974","$218,281,045 ","1,992","$2,107 "
52429,Other insurance related activities,73,"1,274","1,265","1,268","1,267","1,274","1,269","1,243","1,247","1,263","1,273","1,279","1,289","$134,488,380 ","1,268","$2,040 "
525,"Funds, trusts, and other financial vehicles",19,10,10,13,17,17,20,20,23,22,25,25,24,"$3,668,219 ",19,"$3,713 "
5251,Insurance and employee benefit funds,3,5,5,5,5,5,5,5,5,4,4,4,2,"$502,670 ",5,"$1,933 "
5259,Other investment pools and funds,16,5,5,8,12,12,15,15,18,18,21,21,22,"$3,165,549 ",14,"$4,348 "
52599,Other financial vehicles,10,5,5,7,8,8,10,11,12,12,12,12,14,"$1,817,616 ",10,"$3,495 "
53,Real Estate and Rental and Leasing,958,"5,592","5,577","5,559","5,620","5,654","5,806","5,943","5,926","5,795","5,921","5,972","6,007","$452,386,302 ","5,784","$1,504 "
531,Real estate,837,"4,711","4,717","4,700","4,730","4,758","4,859","4,953","4,927","4,791","4,870","4,910","4,949","$376,635,674 ","4,827","$1,501 "
5311,Lessors of real estate,203,"1,622","1,623","1,614","1,610","1,643","1,702","1,739","1,739","1,667","1,693","1,696","1,746","$124,522,081 ","1,675","$1,430 "
53111,Lessors of residential buildings,100,"1,169","1,168","1,163","1,163","1,183","1,242","1,259","1,266","1,193","1,218","1,226","1,278","$78,821,382 ","1,211","$1,252 "
53112,Lessors of nonresidential buildings,54,333,337,334,327,341,342,356,348,344,349,342,344,"$37,443,395 ",342,"$2,105 "
53113,Miniwarehouse and self-storage unit operators,34,76,74,71,76,77,74,77,77,74,73,77,75,"$4,808,840 ",75,"$1,233 "
53119,Lessors of other real estate property,15,44,44,46,44,42,44,47,48,56,53,51,49,"$3,448,465 ",47,"$1,411 "
5312,Offices of real estate agents and brokers,287,648,662,663,677,658,646,684,677,662,714,697,707,"$52,577,944 ",676,"$1,496 "
53121,Offices of real estate agents and brokers,287,648,662,663,677,658,646,684,677,662,714,697,707,"$52,577,944 ",676,"$1,496 "
5313,Activities related to real estate,347,"2,441","2,432","2,423","2,443","2,457","2,511","2,530","2,511","2,462","2,463","2,517","2,496","$199,535,648 ","2,477","$1,549 "
53131,Real estate property managers,255,"2,278","2,264","2,260","2,269","2,280","2,333","2,349","2,335","2,289","2,271","2,312","2,296","$180,856,606 ","2,297","$1,514 "
53132,Offices of real estate appraisers,19,33,36,34,34,34,33,33,33,34,37,37,35,"$2,291,331 ",34,"$1,296 "
53139,Other activities related to real estate,73,130,132,129,140,143,145,148,143,139,155,168,165,"$16,387,711 ",145,"$2,173 "
532,Rental and leasing services,116,880,859,858,889,895,946,989,998,"1,003","1,050","1,059","1,055","$75,585,628 ",956,"$1,520 "
5321,Automotive equipment rental and leasing,37,289,289,290,282,276,279,285,283,298,338,348,358,"$18,350,067 ",300,"$1,176 "
53211,Passenger car rental and leasing,20,100,97,99,97,97,97,99,98,94,103,104,102,"$3,694,017 ",98,$725 
53212,"Truck, trailer, and RV rental and leasing",17,189,192,191,185,179,182,186,185,204,235,244,256,"$14,656,050 ",202,"$1,395 "
5322,Consumer goods rental,24,112,112,114,121,127,143,162,171,168,168,167,163,"$9,921,883 ",144,"$1,325 "
53228,Other Consumer Goods Rental,20,110,109,113,120,123,139,148,142,139,139,138,136,"$9,081,812 ",130,"$1,343 "
5323,General rental centers,11,68,64,60,72,78,87,93,96,88,84,84,73,"$5,453,053 ",79,"$1,327 "
53231,General rental centers,11,68,64,60,72,78,87,93,96,88,84,84,73,"$5,453,053 ",79,"$1,327 "
5324,Machinery and equipment rental and leasing,44,411,394,394,414,414,437,449,448,449,460,460,461,"$41,860,626 ",433,"$1,859 "
53241,Heavy machinery rental and leasing,21,279,266,261,274,279,297,299,298,292,303,295,292,"$29,077,038 ",286,"$1,955 "
53242,Office equipment rental and leasing,5,41,40,40,41,38,37,37,38,38,36,39,38,"$3,225,656 ",39,"$1,591 "
53249,Other machinery rental and leasing,18,91,88,93,99,97,103,113,112,119,121,126,131,"$9,557,932 ",108,"$1,702 "
1024,Professional and Business Services,"5,117","49,477","50,060","50,109","52,102","52,385","52,436","52,508","52,458","51,631","53,228","53,278","52,771","$5,547,100,387 ","51,882","$2,056 "
54,Professional and Technical Services,"3,630","23,313","23,568","23,655","24,262","24,261","24,174","24,279","24,335","23,704","24,125","24,255","24,367","$3,281,240,257 ","24,038","$2,625 "
541,Professional and technical services,"3,630","23,313","23,568","23,655","24,262","24,261","24,174","24,279","24,335","23,704","24,125","24,255","24,367","$3,281,240,257 ","24,038","$2,625 "
5411,Legal services,601,"2,219","2,265","2,265","2,334","2,330","2,250","2,384","2,346","2,222","2,357","2,353","2,307","$244,955,031 ","2,309","$2,040 "
54111,Offices of lawyers,575,"2,144","2,189","2,189","2,261","2,256","2,174","2,307","2,268","2,154","2,282","2,277","2,228","$239,297,718 ","2,229","$2,065 "
54119,Other legal services,26,75,76,76,73,74,76,77,78,68,75,76,79,"$5,657,313 ",80,"$1,360 "
5412,Accounting and bookkeeping services,451,"2,970","3,059","3,128","3,171","3,038","2,901","2,693","2,717","2,666","2,619","2,647","2,752","$264,909,162 ","2,864","$1,779 "
54121,Accounting and bookkeeping services,451,"2,970","3,059","3,128","3,171","3,038","2,901","2,693","2,717","2,666","2,619","2,647","2,752","$264,909,162 ","2,864","$1,779 "
5413,Architectural and engineering services,335,"3,213","3,214","3,209","3,244","3,258","3,309","3,276","3,272","3,201","3,236","3,230","3,243","$363,018,344 ","3,244","$2,152 "
54131,Architectural services,71,378,378,380,382,381,380,385,385,379,384,392,392,"$38,298,711 ",383,"$1,923 "
54132,Landscape architectural services,22,59,57,64,73,76,86,95,89,84,83,81,77,"$5,348,518 ",77,"$1,336 "
54133,Engineering services,185,"2,081","2,095","2,081","2,119","2,114","2,143","2,109","2,117","2,055","2,077","2,069","2,078","$247,578,981 ","2,096","$2,272 "
54134,Drafting services,8,6,10,8,9,8,9,10,10,11,14,13,13,"$656,492 ",10,"$1,262 "
54135,Building inspection services,12,42,41,43,29,46,45,44,44,44,43,41,39,"$3,129,024 ",42,"$1,433 "
54137,Other surveying and mapping services,14,73,76,81,81,82,83,89,90,88,87,88,91,"$6,079,209 ",84,"$1,392 "
54138,Testing laboratories,22,573,556,551,550,550,562,543,536,539,547,545,552,"$61,865,410 ",550,"$2,163 "
5414,Specialized design services,97,243,250,248,264,264,268,262,256,246,268,269,272,"$19,327,428 ",259,"$1,435 "
54141,Interior design services,39,77,79,76,79,77,78,72,72,69,77,80,79,"$5,357,448 ",76,"$1,356 "
54143,Graphic design services,36,86,90,92,101,101,103,100,97,92,98,98,102,"$6,754,247 ",97,"$1,339 "
54149,Other specialized design services,17,75,74,75,77,81,78,79,76,77,82,80,79,"$6,316,876 ",78,"$1,557 "
5415,Computer systems design and related services,781,"5,709","5,744","5,715","5,818","5,819","5,727","5,870","5,882","5,699","5,887","5,904","5,912","$1,260,310,103 ","5,809","$4,172 "
54151,Computer systems design and related services,781,"5,709","5,744","5,715","5,818","5,819","5,727","5,870","5,882","5,699","5,887","5,904","5,912","$1,260,310,103 ","5,809","$4,172 "
5416,Management and technical consulting services,716,"3,765","3,769","3,796","3,928","3,923","3,993","4,090","4,137","4,022","4,100","4,108","4,110","$467,253,443 ","3,979","$2,258 "
54161,Management consulting services,574,"3,306","3,310","3,331","3,409","3,422","3,445","3,536","3,573","3,480","3,554","3,564","3,580","$406,258,377 ","3,460","$2,258 "
54162,Environmental consulting services,27,147,146,151,162,148,158,161,155,163,164,150,136,"$12,291,169 ",153,"$1,545 "
54169,Other technical consulting services,115,312,313,314,357,353,390,393,409,379,382,394,394,"$48,703,897 ",366,"$2,559 "
5417,Scientific research and development services,203,"1,762","1,763","1,760","1,782","1,802","1,806","1,838","1,818","1,826","1,876","1,938","1,948","$331,163,508 ","1,830","$3,480 "
54171,"Research and Dev in Phys, Eng, and Life Sci",189,"1,707","1,707","1,712","1,736","1,752","1,758","1,786","1,768","1,781","1,828","1,889","1,895","$325,810,156 ","1,780","$3,520 "
54172,Social science and humanities research,14,55,56,48,46,50,48,52,50,45,48,49,53,"$5,353,352 ",50,"$2,059 "
5418,"Advertising, PR, and related services",155,"1,310","1,365","1,372","1,408","1,453","1,518","1,451","1,471","1,455","1,359","1,377","1,391","$98,306,709 ","1,411","$1,340 "
54181,Advertising agencies,63,295,303,307,310,314,334,349,354,359,358,381,394,"$39,414,731 ",338,"$2,243 "
54182,Public relations agencies,22,51,53,54,97,106,111,109,114,118,62,61,61,"$9,440,741 ",83,"$2,187 "
54183,Media buying agencies,5,12,15,17,18,18,20,20,22,22,22,22,24,"$4,170,932 ",19,"$4,222 "
54184,Media representatives,4,6,6,6,6,6,6,6,6,6,6,6,6,"$743,202 ",6,"$2,382 "
54186,Direct mail advertising,7,36,36,37,37,36,36,37,35,33,27,26,26,"$3,156,556 ",34,"$1,785 "
54187,Advertising material distribution services,5,27,25,26,30,26,25,26,25,26,29,28,28,"$1,880,574 ",27,"$1,339 "
54189,Other services related to advertising,44,877,920,916,902,935,976,896,907,883,847,845,842,"$38,784,218 ",896,$832 
5419,Other professional and technical services,291,"2,122","2,139","2,162","2,313","2,374","2,402","2,415","2,436","2,367","2,423","2,429","2,432","$231,996,527 ","2,334","$1,912 "
54191,Marketing research and public opinion polling,28,433,434,432,432,440,436,452,455,440,441,441,451,"$85,026,445 ",441,"$3,708 "
54192,Photographic services,36,93,100,115,126,143,129,128,131,111,149,137,128,"$7,159,787 ",124,"$1,110 "
54193,Translation and interpretation services,3,3,3,3,3,3,3,3,3,3,3,2,2,"$162,298 ",3,"$1,040 "
54194,Veterinary services,60,"1,109","1,107","1,109","1,231","1,247","1,274","1,269","1,272","1,231","1,228","1,247","1,258","$70,804,632 ","1,213","$1,123 "
54199,All other professional and technical services,164,484,495,503,521,541,560,563,575,582,602,602,593,"$68,843,365 ",554,"$2,390 "
55,Management of Companies and Enterprises,176,"8,340","8,301","8,320","8,348","8,406","8,518","8,347","8,320","8,081","8,126","8,127","8,176","$996,695,919 ","8,281","$2,315 "
551,Management of companies and enterprises,176,"8,340","8,301","8,320","8,348","8,406","8,518","8,347","8,320","8,081","8,126","8,127","8,176","$996,695,919 ","8,281","$2,315 "
5511,Management of companies and enterprises,176,"8,340","8,301","8,320","8,348","8,406","8,518","8,347","8,320","8,081","8,126","8,127","8,176","$996,695,919 ","8,281","$2,315 "
55111,Management of companies and enterprises,176,"8,340","8,301","8,320","8,348","8,406","8,518","8,347","8,320","8,081","8,126","8,127","8,176","$996,695,919 ","8,281","$2,315 "
56,Administrative and Waste Services,"1,311","17,824","18,191","18,134","19,492","19,718","19,744","19,882","19,803","19,846","20,977","20,896","20,228","$1,269,164,211 ","19,563","$1,248 "
561,Administrative and support services,"1,209","16,148","16,572","16,478","17,779","18,027","18,053","18,206","18,076","18,119","19,145","19,130","18,525","$1,121,919,413 ","17,856","$1,208 "
5611,Office administrative services,78,236,245,243,247,260,256,268,269,258,348,355,371,"$40,560,877 ",280,"$2,786 "
56111,Office administrative services,78,236,245,243,247,260,256,268,269,258,348,355,371,"$40,560,877 ",280,"$2,786 "
5612,Facilities support services,8,162,161,166,223,231,233,176,179,192,186,199,187,"$18,213,041 ",191,"$1,834 "
56121,Facilities support services,8,162,161,166,223,231,233,176,179,192,186,199,187,"$18,213,041 ",191,"$1,834 "
5613,Employment services,213,"5,583","5,616","5,697","5,478","5,530","5,510","5,571","5,511","5,762","6,123","6,405","6,348","$313,975,554 ","5,762","$1,048 "
56131,Employment placement and executive search,84,797,797,792,811,847,809,812,802,811,984,"1,044","1,086","$58,607,438 ",866,"$1,301 "
56132,Temporary help services,129,"4,786","4,819","4,905","4,667","4,683","4,701","4,759","4,709","4,951","5,139","5,361","5,262","$255,368,117 ","4,896","$1,003 "
5614,Business support services,83,642,644,636,656,637,650,686,692,677,703,720,696,"$47,652,992 ",670,"$1,368 "
56141,Document preparation services,7,20,19,19,19,19,20,21,21,20,21,19,20,"$992,444 ",20,$954 
56142,Telephone call centers,15,121,120,119,121,121,124,120,118,120,117,127,118,"$6,939,636 ",121,"$1,103 "
56143,Business service centers,20,103,100,99,102,97,102,105,106,99,97,100,102,"$3,797,970 ",101,$723 
56149,Other business support services,31,226,235,231,244,232,240,265,274,265,298,302,288,"$20,287,258 ",258,"$1,512 "
5615,Travel arrangement and reservation services,45,777,769,763,749,749,757,759,748,731,747,740,731,"$201,338,862 ",752,"$5,149 "
56152,Tour operators,7,13,13,13,15,15,12,14,15,15,15,14,14,"$2,037,460 ",14,"$2,799 "
56159,Other travel arrangement services,10,126,127,127,127,125,137,136,131,132,141,140,138,"$19,945,856 ",132,"$2,906 "
5616,Investigation and security services,69,"3,409","3,408","3,354","3,493","3,492","3,412","3,435","3,435","3,442","3,617","3,585","3,591","$161,072,178 ","3,473",$892 
56161,Security and armored car services,39,"3,050","3,064","3,009","3,147","3,143","3,064","3,091","3,090","3,099","3,273","3,242","3,241","$128,542,291 ","3,126",$791 
56162,Security systems services,30,359,344,345,346,349,348,344,345,343,344,343,350,"$32,529,888 ",347,"$1,803 "
5617,Services to buildings and dwellings,655,"5,091","5,473","5,364","6,658","6,844","6,921","7,013","6,917","6,749","6,910","6,768","6,241","$305,940,821 ","6,412",$918 
56171,Exterminating and pest control services,31,135,134,141,169,179,191,217,217,218,213,195,183,"$10,335,878 ",183,"$1,086 "
56172,Janitorial services,151,"2,924","2,965","3,003","2,996","2,931","2,856","2,917","2,879","2,835","2,920","2,875","2,814","$92,552,856 ","2,908",$612 
56173,Landscaping services,407,"1,703","1,980","1,899","3,157","3,388","3,515","3,519","3,468","3,340","3,366","3,307","2,888","$182,260,464 ","2,962","$1,183 "
56174,Carpet and upholstery cleaning services,19,155,138,136,142,144,149,152,151,145,160,162,160,"$8,398,385 ",150,"$1,077 "
56179,Other services to buildings and dwellings,47,174,256,185,194,202,210,208,202,211,251,229,196,"$12,393,238 ",210,"$1,135 "
5619,Other support services,58,248,256,255,275,284,314,298,325,308,511,358,360,"$33,165,087 ",316,"$2,018 "
56191,Packaging and labeling services,6,74,72,71,72,77,73,72,71,65,74,77,77,"$6,796,636 ",73,"$1,790 "
56192,Convention and trade show organizers,25,81,86,89,104,105,142,131,154,149,334,177,181,"$11,642,780 ",144,"$1,555 "
56199,All other support services,27,93,98,95,99,102,99,95,100,94,103,104,102,"$14,725,671 ",99,"$2,860 "
562,Waste management and remediation services,102,"1,676","1,619","1,656","1,713","1,691","1,691","1,676","1,727","1,727","1,832","1,766","1,703","$147,244,798 ","1,708","$1,658 "
5621,Waste collection,34,534,537,525,528,525,541,558,557,555,567,571,556,"$50,730,901 ",546,"$1,787 "
56211,Waste collection,34,534,537,525,528,525,541,558,557,555,567,571,556,"$50,730,901 ",546,"$1,787 "
5622,Waste treatment and disposal,19,414,410,425,423,420,419,418,419,412,408,411,408,"$32,897,742 ",416,"$1,521 "
56221,Waste treatment and disposal,19,414,410,425,423,420,419,418,419,412,408,411,408,"$32,897,742 ",416,"$1,521 "
5629,Remediation and other waste services,49,728,672,706,762,746,731,700,751,760,857,784,739,"$63,616,155 ",746,"$1,640 "
56291,Remediation services,29,566,523,549,594,578,563,541,585,593,678,599,557,"$46,550,764 ",577,"$1,551 "
56299,All other waste management services,16,150,135,145,154,154,156,148,155,155,168,174,171,"$16,364,355 ",157,"$2,004 "
1025,Education and Health Services,"6,433","81,700","82,456","83,669","84,563","84,598","83,824","78,841","78,017","84,500","85,659","86,232","86,358","$5,098,064,986 ","83,353","$1,176 "
61,Educational Services,528,"29,087","29,810","30,564","30,630","30,599","29,621","24,605","23,792","30,031","31,177","31,640","31,327","$1,958,643,601 ","29,408","$1,281 "
611,Educational services,528,"29,087","29,810","30,564","30,630","30,599","29,621","24,605","23,792","30,031","31,177","31,640","31,327","$1,958,643,601 ","29,408","$1,281 "
6111,Elementary and secondary schools,96,"21,994","22,007","22,071","22,166","22,464","22,399","17,323","16,652","22,478","22,347","22,544","22,785","$1,510,791,778 ","21,436","$1,355 "
61111,Elementary and secondary schools,96,"21,994","22,007","22,071","22,166","22,464","22,399","17,323","16,652","22,478","22,347","22,544","22,785","$1,510,791,778 ","21,436","$1,355 "
6113,Colleges and universities,21,"4,184","4,757","5,409","5,298","4,894","4,123","3,877","3,820","4,733","5,388","5,584","5,150","$305,971,541 ","4,768","$1,234 "
61131,Colleges and universities,21,"4,184","4,757","5,409","5,298","4,894","4,123","3,877","3,820","4,733","5,388","5,584","5,150","$305,971,541 ","4,768","$1,234 "
6114,"Business, computer and management training",46,289,297,300,310,312,309,318,314,293,295,296,289,"$39,869,344 ",302,"$2,539 "
61143,Management training,37,206,210,213,219,224,218,227,229,214,221,222,215,"$20,225,913 ",218,"$1,784 "
6115,Technical and trade schools,25,157,159,161,161,163,152,150,155,158,167,169,162,"$8,748,980 ",160,"$1,052 "
61151,Technical and trade schools,25,157,159,161,161,163,152,150,155,158,167,169,162,"$8,748,980 ",160,"$1,052 "
6116,Other schools and instruction,261,"1,791","1,782","1,794","1,873","1,932","1,875","2,169","2,104","1,733","2,106","2,170","2,092","$48,031,104 ","1,952",$473 
61161,Fine arts schools,73,465,452,451,474,478,530,582,594,415,549,556,538,"$13,454,840 ",507,$510 
61162,Sports and recreation instruction,94,672,676,737,727,756,757,852,862,708,804,838,826,"$17,503,296 ",768,$438 
61163,Language schools,7,73,75,26,71,76,22,20,21,18,84,85,81,"$685,062 ",54,$244 
61169,All other schools and instruction,87,581,579,580,601,622,566,715,627,592,669,691,647,"$16,387,906 ",622,$507 
6117,Educational support services,77,328,331,339,339,349,358,389,374,348,384,391,375,"$21,314,407 ",359,"$1,142 "
61171,Educational support services,77,328,331,339,339,349,358,389,374,348,384,391,375,"$21,314,407 ",359,"$1,142 "
62,Health Care and Social Assistance,"5,905","52,613","52,646","53,105","53,933","53,999","54,203","54,236","54,225","54,469","54,482","54,592","55,031","$3,139,421,386 ","53,946","$1,119 "
621,Ambulatory health care services,"1,541","23,135","23,340","23,590","23,755","23,789","23,819","23,965","23,960","23,838","24,115","24,287","24,359","$1,644,981,849 ","23,813","$1,328 "
6211,Offices of physicians,467,"6,383","6,401","6,399","6,434","6,458","6,511","6,578","6,570","6,540","6,714","6,720","6,769","$648,502,218 ","6,540","$1,907 "
62111,Offices of physicians,467,"6,383","6,401","6,399","6,434","6,458","6,511","6,578","6,570","6,540","6,714","6,720","6,769","$648,502,218 ","6,540","$1,907 "
6212,Offices of dentists,419,"3,444","3,449","3,419","3,393","3,384","3,331","3,475","3,433","3,309","3,462","3,486","3,489","$235,003,161 ","3,428","$1,318 "
62121,Offices of dentists,419,"3,444","3,449","3,419","3,393","3,384","3,331","3,475","3,433","3,309","3,462","3,486","3,489","$235,003,161 ","3,428","$1,318 "
6213,Offices of other health practitioners,387,"3,230","3,255","3,402","3,502","3,537","3,597","3,640","3,662","3,589","3,683","3,712","3,724","$216,919,401 ","3,544","$1,177 "
62131,Offices of chiropractors,74,297,306,303,303,303,315,329,329,331,332,340,349,"$17,715,606 ",320,"$1,065 "
62132,Offices of optometrists,43,247,239,243,242,238,247,247,240,239,240,235,240,"$15,895,347 ",241,"$1,268 "
62133,Offices of mental health practitioners,85,"1,033","1,037","1,037","1,085","1,086","1,093","1,095","1,105","1,079","1,112","1,122","1,110","$70,940,951 ","1,083","$1,260 "
62134,Offices of specialty therapists,114,"1,377","1,398","1,539","1,582","1,617","1,656","1,680","1,705","1,659","1,699","1,724","1,734","$98,141,708 ","1,614","$1,169 "
62139,Offices of all other health practitioners,71,276,275,280,290,293,286,289,283,281,300,291,291,"$14,225,790 ",286,$957 
6214,Outpatient care centers,68,"1,675","1,673","1,694","1,665","1,655","1,669","1,629","1,674","1,683","1,668","1,703","1,674","$98,706,148 ","1,672","$1,135 "
62141,Family planning centers,3,23,22,22,25,27,22,26,25,20,22,19,21,"$644,528 ",23,$539 
62142,Outpatient mental health centers,25,556,556,558,563,547,561,545,551,556,544,557,532,"$26,167,698 ",552,$912 
62149,Other outpatient care centers,40,"1,096","1,095","1,114","1,077","1,081","1,086","1,058","1,098","1,107","1,102","1,127","1,121","$71,893,921 ","1,097","$1,260 "
6215,Medical and diagnostic laboratories,55,"1,196","1,199","1,202","1,227","1,232","1,254","1,223","1,212","1,186","1,218","1,233","1,253","$122,336,977 ","1,220","$1,928 "
62151,Medical and diagnostic laboratories,55,"1,196","1,199","1,202","1,227","1,232","1,254","1,223","1,212","1,186","1,218","1,233","1,253","$122,336,977 ","1,220","$1,928 "
6216,Home health care services,125,"6,244","6,312","6,299","6,318","6,376","6,357","6,392","6,363","6,492","6,405","6,441","6,488","$261,617,509 ","6,353",$792 
62161,Home health care services,125,"6,244","6,312","6,299","6,318","6,376","6,357","6,392","6,363","6,492","6,405","6,441","6,488","$261,617,509 ","6,353",$792 
6219,Other ambulatory health care services,20,963,"1,051","1,175","1,216","1,147","1,100","1,028","1,046","1,039",965,992,962,"$61,896,434 ","1,057","$1,126 "
62199,All other ambulatory health care services,19,400,397,397,398,398,397,401,399,398,340,342,344,"$25,389,202 ",384,"$1,271 "
622,Hospitals,23,"7,845","7,734","7,790","7,934","7,861","7,878","7,957","7,933","7,899","7,804","7,772","7,794","$595,173,330 ","7,850","$1,458 "
6221,General medical and surgical hospitals,15,"6,800","6,745","6,799","6,940","6,869","6,878","6,956","6,939","6,941","6,870","6,844","6,866","$533,609,689 ","6,871","$1,493 "
62211,General medical and surgical hospitals,15,"6,800","6,745","6,799","6,940","6,869","6,878","6,956","6,939","6,941","6,870","6,844","6,866","$533,609,689 ","6,871","$1,493 "
6222,Psychiatric and substance abuse hospitals,4,508,479,482,469,474,489,501,497,488,464,464,471,"$31,783,483 ",482,"$1,268 "
62221,Psychiatric and substance abuse hospitals,4,508,479,482,469,474,489,501,497,488,464,464,471,"$31,783,483 ",482,"$1,268 "
6223,Other hospitals,4,537,510,509,525,518,511,500,497,470,470,464,457,"$29,780,158 ",497,"$1,152 "
62231,Other hospitals,4,537,510,509,525,518,511,500,497,470,470,464,457,"$29,780,158 ",497,"$1,152 "
623,Nursing and residential care facilities,244,"9,642","9,588","9,653","9,657","9,711","9,789","9,815","9,766","9,610","9,547","9,456","9,635","$470,532,763 ","9,658",$937 
6231,"Nursing care facilities, skilled nursing",48,"4,057","4,050","4,059","4,015","4,023","4,063","4,070","4,056","3,955","3,916","3,930","4,007","$203,308,618 ","4,017",$973 
62311,"Nursing care facilities, skilled nursing",48,"4,057","4,050","4,059","4,015","4,023","4,063","4,070","4,056","3,955","3,916","3,930","4,007","$203,308,618 ","4,017",$973 
6232,Residential mental health facilities,133,"2,162","2,168","2,180","2,227","2,248","2,253","2,239","2,226","2,222","2,198","2,093","2,022","$112,666,598 ","2,187",$991 
62321,Residential developmental disability homes,99,"1,231","1,235","1,243","1,243","1,245","1,234","1,225","1,215","1,197","1,177","1,084","1,013","$55,029,762 ","1,195",$886 
62322,Residential mental and substance abuse care,34,931,933,937,984,"1,003","1,019","1,014","1,011","1,025","1,021","1,009","1,009","$57,636,836 ",991,"$1,118 "
6233,"Continuing care, assisted living facilities",40,"2,665","2,614","2,648","2,637","2,655","2,668","2,715","2,695","2,642","2,624","2,622","2,833","$119,769,908 ","2,668",$863 
62331,"Continuing care, assisted living facilities",40,"2,665","2,614","2,648","2,637","2,655","2,668","2,715","2,695","2,642","2,624","2,622","2,833","$119,769,908 ","2,668",$863 
6239,Other residential care facilities,23,758,756,766,778,785,805,791,789,791,809,811,773,"$34,787,639 ",786,$851 
62399,Other residential care facilities,23,758,756,766,778,785,805,791,789,791,809,811,773,"$34,787,639 ",786,$851 
624,Social assistance,"4,097","11,991","11,984","12,072","12,587","12,638","12,717","12,499","12,566","13,122","13,016","13,077","13,243","$428,733,444 ","12,625",$653 
6241,Individual and family services,"3,765","8,108","8,126","8,153","8,560","8,592","8,685","8,650","8,704","8,914","8,584","8,551","8,658","$272,322,085 ","8,521",$615 
62411,Child and youth services,24,154,153,136,158,161,157,163,166,168,168,175,159,"$10,187,708 ",160,"$1,224 "
62412,Services for the elderly and disabled,"3,601","5,576","5,563","5,604","5,987","6,012","6,079","6,107","6,132","6,394","5,978","5,899","5,987","$144,324,853 ","5,940",$467 
62419,Other individual and family services,140,"2,378","2,410","2,413","2,415","2,419","2,449","2,380","2,406","2,352","2,438","2,477","2,512","$117,809,524 ","2,421",$936 
6242,Emergency and other relief services,32,206,204,205,207,203,203,214,214,209,225,226,229,"$9,235,749 ",212,$838 
62421,Community food services,16,53,51,52,53,51,50,55,55,46,56,58,57,"$1,237,820 ",53,$449 
62422,Community housing services,11,141,140,140,140,139,139,143,140,146,151,150,153,"$7,330,328 ",144,$979 
62423,Emergency and other relief services,5,12,13,13,14,13,14,16,19,17,18,18,19,"$667,601 ",16,$802 
6243,Vocational rehabilitation services,37,852,857,862,905,894,894,861,864,870,883,944,955,"$39,882,297 ",887,$865 
62431,Vocational rehabilitation services,37,852,857,862,905,894,894,861,864,870,883,944,955,"$39,882,297 ",887,$865 
6244,Child day care services,263,"2,825","2,797","2,852","2,915","2,949","2,935","2,774","2,784","3,129","3,324","3,356","3,401","$107,293,312 ","3,005",$687 
62441,Child day care services,263,"2,825","2,797","2,852","2,915","2,949","2,935","2,774","2,784","3,129","3,324","3,356","3,401","$107,293,312 ","3,005",$687 
1026,Leisure and Hospitality,"2,016","25,315","25,290","26,380","28,760","30,256","33,753","34,825","35,932","33,275","33,901","33,869","33,148","$1,140,506,920 ","31,220",$703 
71,"Arts, Entertainment, and Recreation",435,"5,039","4,756","5,131","6,207","6,681","8,606","8,995","9,954","8,374","8,435","8,266","7,257","$449,428,981 ","7,309","$1,182 "
711,Performing arts and spectator sports,121,"1,221",998,"1,129","1,634","1,550","2,497","1,494","2,558","2,805","2,982","3,021","2,106","$290,302,914 ","2,000","$2,791 "
7111,Performing arts companies,27,96,84,92,106,101,69,81,43,56,77,106,93,"$2,786,093 ",84,$638 
71111,Theater companies and dinner theaters,8,26,37,29,30,28,36,24,10,25,30,40,40,"$848,543 ",30,$544 
71113,Musical groups and artists,12,17,15,19,18,18,18,23,20,22,23,24,24,"$687,116 ",20,$661 
7112,Spectator sports,26,435,333,329,373,393,522,366,514,487,519,521,446,"$238,959,279 ",437,"$10,516 "
71121,Spectator sports,26,435,333,329,373,393,522,366,514,487,519,521,446,"$238,959,279 ",437,"$10,516 "
7113,Promoters of performing arts and sports,19,654,545,668,"1,107","1,012","1,857",993,"1,946","2,212","2,326","2,334","1,499","$42,781,142 ","1,429",$576 
71131,Promoters with facilities,12,642,533,657,"1,096","1,001","1,846",978,"1,932","2,199","2,313","2,321","1,484","$42,124,151 ","1,417",$572 
71132,Promoters without facilities,7,12,12,11,11,11,11,15,14,13,13,13,15,"$656,991 ",13,$972 
7114,Agents and managers for public figures,9,11,11,13,14,13,14,13,15,13,14,17,17,"$864,562 ",14,"$1,188 "
71141,Agents and managers for public figures,9,11,11,13,14,13,14,13,15,13,14,17,17,"$864,562 ",14,"$1,188 "
7115,"Independent artists, writers, and performers",40,25,25,27,34,31,35,41,40,37,46,43,51,"$4,911,838 ",36,"$2,624 "
71151,"Independent artists, writers, and performers",40,25,25,27,34,31,35,41,40,37,46,43,51,"$4,911,838 ",36,"$2,624 "
712,"Museums, historical sites, zoos, and parks",16,109,112,111,112,126,144,180,183,134,136,124,123,"$6,805,284 ",133,$984 
7121,"Museums, historical sites, zoos, and parks",16,109,112,111,112,126,144,180,183,134,136,124,123,"$6,805,284 ",133,$984 
71211,Museums,9,63,64,62,61,66,69,70,70,70,74,68,66,"$3,045,234 ",67,$874 
713,"Amusements, gambling, and recreation",298,"3,709","3,646","3,891","4,461","5,005","5,965","7,321","7,213","5,435","5,317","5,121","5,028","$152,320,783 ","5,176",$566 
7139,Other amusement and recreation industries,293,"3,458","3,391","3,624","4,178","4,718","5,681","7,035","6,917","5,130","4,997","4,802","4,707","$139,021,561 ","4,887",$547 
71391,Golf courses and country clubs,29,648,559,668,"1,255","1,629","2,063","2,204","2,136","1,718","1,631","1,392","1,181","$57,719,897 ","1,424",$779 
71393,Marinas,9,40,40,39,40,50,67,72,66,53,50,45,39,"$2,644,756 ",50,"$1,017 "
71394,Fitness and recreational sports centers,169,"1,873","1,860","1,913","1,916","1,978","2,155","2,320","2,351","2,113","2,144","2,195","2,274","$46,713,708 ","2,091",$430 
71395,Bowling centers,6,28,27,25,29,39,43,54,57,64,65,60,63,"$1,232,183 ",46,$515 
71399,All other amusement and recreation industries,79,597,639,740,918,"1,016","1,353","2,357","2,304","1,177","1,093","1,088","1,106","$29,830,900 ","1,199",$478 
72,Accommodation and Food Services,"1,581","20,276","20,534","21,249","22,553","23,575","25,147","25,830","25,978","24,901","25,466","25,603","25,891","$691,077,939 ","23,910",$556 
721,Accommodation,82,971,952,966,"1,160","1,237","1,379","1,662","1,681","1,558","1,612","1,604","1,536","$56,780,148 ","1,360",$803 
7211,Traveler accommodation,63,821,804,799,960,"1,017","1,128","1,256","1,332","1,337","1,410","1,421","1,387","$48,209,546 ","1,139",$814 
72111,"Hotels and motels, except casino hotels",57,808,789,783,942,998,"1,110","1,238","1,309","1,314","1,386","1,397","1,365","$47,145,992 ","1,120",$810 
72119,Other traveler accommodation,6,13,15,16,18,19,18,18,23,23,24,24,22,"$1,063,554 ",19,"$1,076 "
7212,RV parks and recreational camps,12,58,57,73,105,128,167,312,255,127,118,99,63,"$4,631,165 ",130,$685 
72121,RV parks and recreational camps,12,58,57,73,105,128,167,312,255,127,118,99,63,"$4,631,165 ",130,$685 
7213,Rooming and boarding houses,7,92,91,94,95,92,84,94,94,94,84,84,86,"$3,939,438 ",90,$842 
72131,Rooming and boarding houses,7,92,91,94,95,92,84,94,94,94,84,84,86,"$3,939,438 ",90,$842 
722,Food services and drinking places,"1,499","19,305","19,582","20,283","21,393","22,338","23,768","24,168","24,297","23,343","23,854","23,999","24,355","$634,297,791 ","22,551",$541 
7223,Special food services,111,690,772,807,988,"1,035","1,131","1,144","1,290","1,415","1,498","1,443","1,426","$49,963,313 ","1,137",$845 
72231,Food service contractors,58,382,443,435,509,459,363,337,354,421,441,451,439,"$25,899,201 ",420,"$1,186 "
72232,Caterers,42,289,311,351,458,552,737,777,905,969,"1,027",965,958,"$23,251,902 ",692,$646 
72233,Mobile food services,11,19,18,21,21,24,31,30,31,25,30,27,29,"$812,210 ",26,$601 
7224,"Drinking places, alcoholic beverages",30,129,142,152,179,189,210,203,198,204,220,215,214,"$5,554,951 ",188,$568 
72241,"Drinking places, alcoholic beverages",30,129,142,152,179,189,210,203,198,204,220,215,214,"$5,554,951 ",188,$568 
7225,Restaurants and other eating places,"1,358","18,486","18,668","19,324","20,226","21,114","22,427","22,821","22,809","21,724","22,136","22,341","22,715","$578,779,527 ","21,226",$524 
72251,Restaurants and other eating places,"1,358","18,486","18,668","19,324","20,226","21,114","22,427","22,821","22,809","21,724","22,136","22,341","22,715","$578,779,527 ","21,226",$524 
1027,Other Services,"2,964","10,922","10,899","11,128","11,517","11,615","11,790","12,102","12,128","11,906","12,031","12,012","11,971","$634,414,916 ","11,672","$1,045 "
81,"Other Services, Except Public Administration","2,964","10,922","10,899","11,128","11,517","11,615","11,790","12,102","12,128","11,906","12,031","12,012","11,971","$634,414,916 ","11,672","$1,045 "
811,Repair and maintenance,545,"3,229","3,209","3,289","3,386","3,400","3,402","3,439","3,435","3,451","3,446","3,494","3,446","$261,664,019 ","3,387","$1,486 "
8111,Automotive repair and maintenance,386,"2,173","2,148","2,204","2,251","2,260","2,266","2,304","2,307","2,305","2,288","2,329","2,283","$137,657,172 ","2,260","$1,171 "
81111,Automotive mechanical and electrical repair,208,982,970,979,982,989,984,"1,010","1,014","1,008","1,018","1,027","1,031","$69,441,844 ","1,000","$1,335 "
81112,"Automotive body, interior, and glass repair",115,707,693,701,709,697,713,719,718,728,729,753,743,"$45,592,548 ",718,"$1,221 "
81119,Other automotive repair and maintenance,63,484,485,524,560,574,569,575,575,569,541,549,509,"$22,622,780 ",543,$801 
8112,Electronic equipment repair and maintenance,39,197,194,198,197,197,186,198,204,194,199,195,212,"$15,628,832 ",199,"$1,510 "
81121,Electronic equipment repair and maintenance,39,197,194,198,197,197,186,198,204,194,199,195,212,"$15,628,832 ",199,"$1,510 "
8113,Commercial machinery repair and maintenance,59,672,676,695,742,742,747,740,719,744,743,750,755,"$97,031,439 ",727,"$2,567 "
81131,Commercial machinery repair and maintenance,59,672,676,695,742,742,747,740,719,744,743,750,755,"$97,031,439 ",727,"$2,567 "
8114,Household goods repair and maintenance,61,187,191,192,196,201,203,197,205,208,216,220,196,"$11,346,576 ",201,"$1,086 "
81141,Home and garden equip. and appliance repair,13,64,61,61,58,62,63,62,62,61,63,66,67,"$3,672,495 ",63,"$1,121 "
81142,Reupholstery and furniture repair,14,62,66,65,62,64,64,62,67,64,73,76,67,"$4,537,556 ",66,"$1,322 "
81149,Other household goods repair and maintenance,30,49,52,54,64,63,64,62,65,71,67,64,48,"$2,699,302 ",60,$865 
812,Personal and laundry services,896,"4,382","4,455","4,557","4,692","4,741","4,799","4,908","4,980","4,982","5,160","5,088","5,091","$165,763,801 ","4,822",$661 
8121,Personal care services,585,"3,014","3,052","3,104","3,186","3,205","3,198","3,291","3,331","3,328","3,394","3,343","3,335","$103,648,644 ","3,233",$617 
81211,"Hair, nail, and skin care services",507,"2,588","2,633","2,681","2,744","2,759","2,756","2,855","2,881","2,892","2,938","2,907","2,904","$87,069,542 ","2,798",$598 
81219,Other personal care services,78,426,419,423,442,446,442,436,450,436,456,436,431,"$16,579,102 ",435,$733 
8122,Death care services,45,276,261,277,275,279,289,294,297,310,286,282,282,"$18,035,540 ",284,"$1,221 "
81221,Funeral homes and funeral services,34,183,170,184,184,181,186,187,189,207,186,185,184,"$12,567,903 ",186,"$1,299 "
81222,Cemeteries and crematories,11,93,91,93,91,98,103,107,108,103,100,97,98,"$5,467,637 ",99,"$1,062 "
8123,Drycleaning and laundry services,107,460,466,492,527,528,568,568,568,601,651,640,629,"$22,410,787 ",558,$772 
81231,Coin-operated laundries and drycleaners,11,56,54,58,60,63,66,61,62,67,70,67,65,"$1,117,071 ",62,$346 
81232,Drycleaning and laundry services,85,262,268,284,306,309,329,324,324,334,359,357,352,"$8,475,095 ",317,$514 
81233,Linen and uniform supply,11,142,144,150,161,156,173,183,182,200,222,216,212,"$12,818,621 ",178,"$1,385 "
8129,Other personal services,159,632,676,684,704,729,744,755,784,743,829,823,845,"$21,668,830 ",746,$559 
81291,"Pet care, except veterinary, services",92,405,435,449,474,468,488,501,532,492,542,538,565,"$13,913,773 ",491,$545 
81293,Parking lots and garages,6,55,60,56,47,58,54,55,54,54,61,66,55,"$1,474,774 ",56,$506 
81299,All other personal services,60,170,179,177,181,201,200,197,196,197,224,218,223,"$6,155,530 ",197,$601 
813,Membership associations and organizations,358,"2,166","2,094","2,126","2,279","2,308","2,448","2,637","2,615","2,391","2,299","2,284","2,275","$159,008,285 ","2,326","$1,315 "
8131,Religious organizations,8,14,14,14,14,14,12,14,14,14,13,13,13,"$834,977 ",14,"$1,147 "
81311,Religious organizations,8,14,14,14,14,14,12,14,14,14,13,13,13,"$834,977 ",14,"$1,147 "
8132,Grantmaking and giving services,70,284,282,285,297,292,296,304,303,288,293,296,291,"$33,289,256 ",292,"$2,192 "
81321,Grantmaking and giving services,70,284,282,285,297,292,296,304,303,288,293,296,291,"$33,289,256 ",292,"$2,192 "
8133,Social advocacy organizations,60,443,453,451,458,477,540,603,591,528,488,478,464,"$32,844,968 ",497,"$1,271 "
81331,Social advocacy organizations,60,443,453,451,458,477,540,603,591,528,488,478,464,"$32,844,968 ",497,"$1,271 "
8134,Civic and social organizations,74,399,386,414,453,491,620,757,781,603,574,580,564,"$10,683,648 ",552,$372 
81341,Civic and social organizations,74,399,386,414,453,491,620,757,781,603,574,580,564,"$10,683,648 ",552,$372 
8139,Professional and similar organizations,146,"1,026",959,962,"1,057","1,034",980,959,926,958,931,917,943,"$81,355,437 ",971,"$1,611 "
81391,Business associations,43,200,197,198,210,208,202,199,197,194,197,202,199,"$17,695,675 ",200,"$1,702 "
81392,Professional organizations,19,300,302,298,294,290,295,292,288,271,283,282,304,"$30,517,490 ",292,"$2,010 "
81393,Labor unions and similar labor organizations,54,441,365,380,474,452,388,370,348,402,370,351,360,"$28,056,426 ",392,"$1,376 "
81394,Political organizations,10,9,12,10,5,6,7,8,8,13,5,6,5,"$499,676 ",8,"$1,201 "
81399,Other similar organizations,20,76,83,76,74,78,88,90,85,78,76,76,75,"$4,586,170 ",80,"$1,102 "
814,Private households,"1,165","1,145","1,141","1,156","1,160","1,166","1,141","1,118","1,098","1,082","1,126","1,146","1,159","$47,978,811 ","1,137",$811 
8141,Private households,"1,165","1,145","1,141","1,156","1,160","1,166","1,141","1,118","1,098","1,082","1,126","1,146","1,159","$47,978,811 ","1,137",$811 
81411,Private households,"1,165","1,145","1,141","1,156","1,160","1,166","1,141","1,118","1,098","1,082","1,126","1,146","1,159","$47,978,811 ","1,137",$811 
1028,Public Administration,326,"9,888","9,902","9,885","10,257","10,406","10,495","10,314","10,080","10,238","10,335","10,390","10,576","$863,205,643 ","10,231","$1,623 "
92,Public Administration,326,"9,888","9,902","9,885","10,257","10,406","10,495","10,314","10,080","10,238","10,335","10,390","10,576","$863,205,643 ","10,231","$1,623 "
921,"Executive, legislative and general government",111,"2,388","2,376","2,389","2,651","2,658","2,697","2,527","2,520","2,534","2,563","2,632","2,683","$145,795,010 ","2,552","$1,099 "
9211,"Executive, legislative and general government",111,"2,388","2,376","2,389","2,651","2,658","2,697","2,527","2,520","2,534","2,563","2,632","2,683","$145,795,010 ","2,552","$1,099 "
92111,Executive offices,14,164,160,158,182,189,192,191,201,207,196,195,178,"$11,348,921 ",184,"$1,186 "
92112,Legislative bodies,5,43,39,44,40,64,43,40,44,45,44,47,45,"$2,388,915 ",45,"$1,021 "
92113,Public finance activities,28,354,354,353,355,354,354,350,349,351,362,366,372,"$26,796,428 ",356,"$1,448 "
92114,"Executive and legislative offices, combined",3,86,88,87,91,94,97,99,95,90,95,94,92,"$5,960,693 ",92,"$1,246 "
92119,Other general government support,61,"1,741","1,735","1,747","1,983","1,957","2,011","1,847","1,831","1,841","1,866","1,930","1,996","$99,300,052 ","1,874","$1,019 "
922,"Justice, public order, and safety activities",113,"5,638","5,649","5,628","5,708","5,816","5,845","5,791","5,581","5,742","5,788","5,790","5,854","$566,357,311 ","5,736","$1,899 "
9221,"Justice, public order, and safety activities",113,"5,638","5,649","5,628","5,708","5,816","5,845","5,791","5,581","5,742","5,788","5,790","5,854","$566,357,311 ","5,736","$1,899 "
92212,Police protection,41,"2,123","2,112","2,115","2,156","2,185","2,189","2,097","2,068","2,167","2,175","2,190","2,198","$221,596,715 ","2,148","$1,984 "
92216,Fire protection,27,"1,593","1,598","1,601","1,628","1,639","1,637","1,626","1,617","1,635","1,656","1,666","1,676","$168,169,350 ","1,631","$1,983 "
92219,Other justice and safety activities,4,155,177,144,160,199,200,276,79,159,166,148,132,"$8,658,198 ",166,"$1,003 "
92312,Administration of public health programs,13,201,209,213,212,223,227,231,231,233,235,239,248,"$17,175,428 ",225,"$1,468 "
92314,Administration of veterans' affairs,4,6,6,6,6,6,6,6,6,6,6,6,6,"$291,240 ",6,$933 
924,Administration of environmental programs,10,25,25,25,35,38,46,54,52,48,39,32,33,"$1,877,617 ",38,$950 
9241,Administration of environmental programs,10,25,25,25,35,38,46,54,52,48,39,32,33,"$1,877,617 ",38,$950 
925,Community and housing program administration,28,297,304,299,303,304,304,310,306,308,319,319,321,"$20,638,484 ",308,"$1,289 "
9251,Community and housing program administration,28,297,304,299,303,304,304,310,306,308,319,319,321,"$20,638,484 ",308,"$1,289 "
92511,Administration of housing programs,27,295,303,297,301,302,302,309,305,306,317,317,319,"$20,506,899 ",306,"$1,289 "
92611,Administration of general economic programs,3,48,40,38,38,41,50,57,59,45,40,41,41,"$2,436,685 ",45,"$1,041 "
92615,Licensing and regulating commercial sectors,6,69,69,68,77,82,81,83,80,82,83,83,83,"$6,711,598 ",78,"$1,655 "
928,National security and international affairs,6,25,25,25,25,24,23,25,25,25,32,32,31,"$2,629,781 ",26,"$1,945 "
9281,National security and international affairs,6,25,25,25,25,24,23,25,25,25,32,32,31,"$2,629,781 ",26,"$1,945 "
92811,National security,5,25,25,25,25,24,23,23,23,23,31,31,31,"$2,547,108 ",26,"$1,884 "
